// Generated by tools/gen_mascot.py from assets/mascot/nous-girl-white-1024.png. Do not edit.
// Artwork: Hermes Agent mascot (MIT License, Copyright (c) 2025 Nous Research).
#include "hg/mascot.hpp"

namespace hg::mascot {
namespace {

const uint8_t kIdle64[512] = {
    0x00, 0x00, 0x00, 0x00, 0x00, 0x00, 0x00, 0x00, 0x00, 0x00, 0x00, 0x0f, 0xf0, 0x00, 0x00, 0x00, 0x00, 0x00, 0x00, 0xe0, 0x07, 0x00, 0x00, 0x00,
    0x00, 0x00, 0x0f, 0xfc, 0x00, 0xc0, 0x00, 0x00, 0x00, 0x00, 0x38, 0x7f, 0x00, 0x30, 0x00, 0x00, 0x00, 0x00, 0xc0, 0x0f, 0xc0, 0x08, 0x00, 0x00,
    0x00, 0x03, 0x00, 0x03, 0xe0, 0x04, 0x00, 0x00, 0x00, 0x06, 0x00, 0x01, 0xf0, 0x02, 0x00, 0x00, 0x00, 0x08, 0x00, 0x00, 0xf8, 0x01, 0x00, 0x00,
    0x00, 0x30, 0x00, 0x00, 0x78, 0x01, 0x80, 0x00, 0x00, 0x60, 0x00, 0x03, 0xbc, 0x01, 0xc0, 0x00, 0x00, 0xc0, 0x00, 0x07, 0xbe, 0x07, 0x40, 0x00,
    0x00, 0x81, 0x00, 0x1f, 0x1e, 0x4f, 0x20, 0x00, 0x01, 0xc1, 0x1e, 0x3f, 0x3f, 0xff, 0x20, 0x00, 0x01, 0xe3, 0xff, 0xf8, 0x0f, 0x62, 0x30, 0x00,
    0x03, 0xff, 0xf7, 0xf8, 0x0f, 0x00, 0x10, 0x00, 0x03, 0xf8, 0x00, 0x00, 0x0f, 0x00, 0x10, 0x00, 0x04, 0x00, 0x00, 0x00, 0x07, 0x80, 0x08, 0x00,
    0x04, 0x00, 0x00, 0x00, 0x00, 0x00, 0x08, 0x00, 0x04, 0x00, 0x00, 0x00, 0x04, 0x00, 0x08, 0x00, 0x08, 0x00, 0x04, 0x00, 0x00, 0x00, 0x04, 0x00,
    0x08, 0x00, 0x04, 0x00, 0x00, 0x00, 0x04, 0x00, 0x08, 0x00, 0x02, 0x00, 0x00, 0x00, 0x04, 0x00, 0x08, 0x00, 0x02, 0x00, 0x00, 0x00, 0x04, 0x00,
    0x08, 0x01, 0x01, 0x00, 0x00, 0x00, 0x02, 0x00, 0x08, 0x00, 0xe7, 0xfc, 0x00, 0x00, 0x02, 0x00, 0x04, 0x03, 0xf8, 0xff, 0x00, 0x00, 0x02, 0x00,
    0x04, 0x0f, 0xf8, 0x3f, 0x00, 0x00, 0x02, 0x00, 0x02, 0x43, 0xfc, 0x4f, 0x01, 0xc0, 0x02, 0x00, 0x01, 0x20, 0xfe, 0x5f, 0x00, 0x00, 0x01, 0x00,
    0x00, 0xf4, 0xff, 0xff, 0x00, 0x00, 0x01, 0x00, 0x00, 0x35, 0xff, 0xff, 0x00, 0x00, 0x01, 0x00, 0x00, 0x13, 0xff, 0xff, 0x00, 0x00, 0x01, 0x00,
    0x00, 0x17, 0xff, 0xff, 0x00, 0x00, 0x00, 0x80, 0x00, 0x27, 0xff, 0xff, 0x00, 0x00, 0x00, 0x80, 0x00, 0x27, 0xff, 0xfe, 0x00, 0x00, 0x00, 0x80,
    0x00, 0x27, 0xff, 0xfe, 0x00, 0x00, 0x00, 0x80, 0x00, 0x27, 0xff, 0xfe, 0x00, 0x00, 0x00, 0x40, 0x00, 0x26, 0xff, 0xfe, 0x00, 0x00, 0x00, 0x40,
    0x00, 0x26, 0x1f, 0xfe, 0x00, 0x00, 0x00, 0x40, 0x00, 0x23, 0xff, 0xfe, 0x08, 0x00, 0x00, 0x40, 0x00, 0x23, 0xff, 0xfc, 0x08, 0x00, 0x00, 0x20,
    0x0c, 0x21, 0xff, 0xfc, 0x18, 0x00, 0x00, 0x20, 0x1c, 0x41, 0xff, 0xfc, 0x18, 0x00, 0x00, 0x20, 0x18, 0x40, 0xff, 0xfc, 0x18, 0x00, 0x00, 0x20,
    0x28, 0x40, 0x7f, 0xfc, 0x00, 0x00, 0x00, 0x10, 0x28, 0x40, 0x3f, 0x7c, 0x08, 0x00, 0x00, 0x10, 0x24, 0x80, 0x00, 0x3c, 0x1c, 0x00, 0x00, 0x10,
    0x27, 0x80, 0x00, 0x1c, 0x3c, 0x00, 0x00, 0x10, 0x20, 0x08, 0x00, 0x0c, 0x10, 0x00, 0x00, 0x10, 0x30, 0x10, 0x00, 0x00, 0x00, 0x00, 0x00, 0x10,
    0x28, 0x30, 0x00, 0x06, 0x00, 0x00, 0x00, 0x10, 0x27, 0xe0, 0x00, 0x0f, 0x00, 0x00, 0x00, 0x10, 0x11, 0x82, 0x00, 0x1f, 0x80, 0x00, 0x00, 0x10,
    0x08, 0x02, 0x00, 0x7f, 0xc0, 0x00, 0x00, 0x10, 0x06, 0x04, 0x00, 0x3f, 0xe0, 0x00, 0x00, 0x10, 0x01, 0xb8, 0x00, 0x3f, 0xca, 0x3e, 0x40, 0x10,
    0x00, 0x80, 0x00, 0x1f, 0x3c, 0xff, 0xb0, 0x20, 0x00, 0xc1, 0x00, 0x0c, 0x79, 0xff, 0xd0, 0x20, 0x00, 0x7f, 0x00, 0x01, 0xf3, 0xff, 0xe8, 0x40,
    0x00, 0x0b, 0x00, 0x0f, 0xe7, 0xff, 0xf4, 0x80, 0x00, 0x02, 0x00, 0x5f, 0x6f, 0xff, 0xf9, 0x00, 0x00, 0x04, 0x02, 0x3e, 0x4f, 0xff, 0xfa, 0x00,
    0x00, 0x07, 0xff, 0xff, 0xff, 0xff, 0xfe, 0x00,
};
const uint8_t kBlink64[512] = {
    0x00, 0x00, 0x00, 0x00, 0x00, 0x00, 0x00, 0x00, 0x00, 0x00, 0x00, 0x0f, 0xf0, 0x00, 0x00, 0x00, 0x00, 0x00, 0x00, 0xe0, 0x07, 0x00, 0x00, 0x00,
    0x00, 0x00, 0x0f, 0xfc, 0x00, 0xc0, 0x00, 0x00, 0x00, 0x00, 0x38, 0x7f, 0x00, 0x30, 0x00, 0x00, 0x00, 0x00, 0xc0, 0x0f, 0xc0, 0x08, 0x00, 0x00,
    0x00, 0x03, 0x00, 0x03, 0xe0, 0x04, 0x00, 0x00, 0x00, 0x06, 0x00, 0x01, 0xf0, 0x02, 0x00, 0x00, 0x00, 0x08, 0x00, 0x00, 0xf8, 0x01, 0x00, 0x00,
    0x00, 0x30, 0x00, 0x00, 0x78, 0x01, 0x80, 0x00, 0x00, 0x60, 0x00, 0x03, 0xbc, 0x01, 0xc0, 0x00, 0x00, 0xc0, 0x00, 0x07, 0xbe, 0x07, 0x40, 0x00,
    0x00, 0x81, 0x00, 0x1f, 0x1e, 0x4f, 0x20, 0x00, 0x01, 0xc1, 0x1e, 0x3f, 0x3f, 0xff, 0x20, 0x00, 0x01, 0xe3, 0xff, 0xf8, 0x0f, 0x62, 0x30, 0x00,
    0x03, 0xff, 0xf7, 0xf8, 0x0f, 0x00, 0x10, 0x00, 0x03, 0xf8, 0x00, 0x00, 0x0f, 0x00, 0x10, 0x00, 0x04, 0x00, 0x00, 0x00, 0x07, 0x80, 0x08, 0x00,
    0x04, 0x00, 0x00, 0x00, 0x00, 0x00, 0x08, 0x00, 0x04, 0x00, 0x00, 0x00, 0x04, 0x00, 0x08, 0x00, 0x08, 0x00, 0x04, 0x00, 0x00, 0x00, 0x04, 0x00,
    0x08, 0x00, 0x04, 0x00, 0x00, 0x00, 0x04, 0x00, 0x08, 0x00, 0x02, 0x00, 0x00, 0x00, 0x04, 0x00, 0x08, 0x00, 0x02, 0x00, 0x00, 0x00, 0x04, 0x00,
    0x08, 0x01, 0x01, 0x00, 0x00, 0x00, 0x02, 0x00, 0x08, 0x00, 0xe7, 0xfc, 0x00, 0x00, 0x02, 0x00, 0x04, 0x03, 0xff, 0xff, 0x00, 0x00, 0x02, 0x00,
    0x04, 0x0f, 0xff, 0xff, 0x00, 0x00, 0x02, 0x00, 0x02, 0x47, 0xfb, 0xef, 0x01, 0xc0, 0x02, 0x00, 0x01, 0x27, 0xfc, 0x1f, 0x00, 0x00, 0x01, 0x00,
    0x00, 0xf0, 0xff, 0xff, 0x00, 0x00, 0x01, 0x00, 0x00, 0x37, 0xff, 0xff, 0x00, 0x00, 0x01, 0x00, 0x00, 0x17, 0xff, 0xff, 0x00, 0x00, 0x01, 0x00,
    0x00, 0x17, 0xff, 0xff, 0x00, 0x00, 0x00, 0x80, 0x00, 0x27, 0xff, 0xff, 0x00, 0x00, 0x00, 0x80, 0x00, 0x27, 0xff, 0xfe, 0x00, 0x00, 0x00, 0x80,
    0x00, 0x27, 0xff, 0xfe, 0x00, 0x00, 0x00, 0x80, 0x00, 0x27, 0xff, 0xfe, 0x00, 0x00, 0x00, 0x40, 0x00, 0x26, 0xff, 0xfe, 0x00, 0x00, 0x00, 0x40,
    0x00, 0x26, 0x1f, 0xfe, 0x00, 0x00, 0x00, 0x40, 0x00, 0x23, 0xff, 0xfe, 0x08, 0x00, 0x00, 0x40, 0x00, 0x23, 0xff, 0xfc, 0x08, 0x00, 0x00, 0x20,
    0x0c, 0x21, 0xff, 0xfc, 0x18, 0x00, 0x00, 0x20, 0x1c, 0x41, 0xff, 0xfc, 0x18, 0x00, 0x00, 0x20, 0x18, 0x40, 0xff, 0xfc, 0x18, 0x00, 0x00, 0x20,
    0x28, 0x40, 0x7f, 0xfc, 0x00, 0x00, 0x00, 0x10, 0x28, 0x40, 0x3f, 0x7c, 0x08, 0x00, 0x00, 0x10, 0x24, 0x80, 0x00, 0x3c, 0x1c, 0x00, 0x00, 0x10,
    0x27, 0x80, 0x00, 0x1c, 0x3c, 0x00, 0x00, 0x10, 0x20, 0x08, 0x00, 0x0c, 0x10, 0x00, 0x00, 0x10, 0x30, 0x10, 0x00, 0x00, 0x00, 0x00, 0x00, 0x10,
    0x28, 0x30, 0x00, 0x06, 0x00, 0x00, 0x00, 0x10, 0x27, 0xe0, 0x00, 0x0f, 0x00, 0x00, 0x00, 0x10, 0x11, 0x82, 0x00, 0x1f, 0x80, 0x00, 0x00, 0x10,
    0x08, 0x02, 0x00, 0x7f, 0xc0, 0x00, 0x00, 0x10, 0x06, 0x04, 0x00, 0x3f, 0xe0, 0x00, 0x00, 0x10, 0x01, 0xb8, 0x00, 0x3f, 0xca, 0x3e, 0x40, 0x10,
    0x00, 0x80, 0x00, 0x1f, 0x3c, 0xff, 0xb0, 0x20, 0x00, 0xc1, 0x00, 0x0c, 0x79, 0xff, 0xd0, 0x20, 0x00, 0x7f, 0x00, 0x01, 0xf3, 0xff, 0xe8, 0x40,
    0x00, 0x0b, 0x00, 0x0f, 0xe7, 0xff, 0xf4, 0x80, 0x00, 0x02, 0x00, 0x5f, 0x6f, 0xff, 0xf9, 0x00, 0x00, 0x04, 0x02, 0x3e, 0x4f, 0xff, 0xfa, 0x00,
    0x00, 0x07, 0xff, 0xff, 0xff, 0xff, 0xfe, 0x00,
};
const uint8_t kTalk64[512] = {
    0x00, 0x00, 0x00, 0x00, 0x00, 0x00, 0x00, 0x00, 0x00, 0x00, 0x00, 0x0f, 0xf0, 0x00, 0x00, 0x00, 0x00, 0x00, 0x00, 0xe0, 0x07, 0x00, 0x00, 0x00,
    0x00, 0x00, 0x0f, 0xfc, 0x00, 0xc0, 0x00, 0x00, 0x00, 0x00, 0x38, 0x7f, 0x00, 0x30, 0x00, 0x00, 0x00, 0x00, 0xc0, 0x0f, 0xc0, 0x08, 0x00, 0x00,
    0x00, 0x03, 0x00, 0x03, 0xe0, 0x04, 0x00, 0x00, 0x00, 0x06, 0x00, 0x01, 0xf0, 0x02, 0x00, 0x00, 0x00, 0x08, 0x00, 0x00, 0xf8, 0x01, 0x00, 0x00,
    0x00, 0x30, 0x00, 0x00, 0x78, 0x01, 0x80, 0x00, 0x00, 0x60, 0x00, 0x03, 0xbc, 0x01, 0xc0, 0x00, 0x00, 0xc0, 0x00, 0x07, 0xbe, 0x07, 0x40, 0x00,
    0x00, 0x81, 0x00, 0x1f, 0x1e, 0x4f, 0x20, 0x00, 0x01, 0xc1, 0x1e, 0x3f, 0x3f, 0xff, 0x20, 0x00, 0x01, 0xe3, 0xff, 0xf8, 0x0f, 0x62, 0x30, 0x00,
    0x03, 0xff, 0xf7, 0xf8, 0x0f, 0x00, 0x10, 0x00, 0x03, 0xf8, 0x00, 0x00, 0x0f, 0x00, 0x10, 0x00, 0x04, 0x00, 0x00, 0x00, 0x07, 0x80, 0x08, 0x00,
    0x04, 0x00, 0x00, 0x00, 0x00, 0x00, 0x08, 0x00, 0x04, 0x00, 0x00, 0x00, 0x04, 0x00, 0x08, 0x00, 0x08, 0x00, 0x04, 0x00, 0x00, 0x00, 0x04, 0x00,
    0x08, 0x00, 0x04, 0x00, 0x00, 0x00, 0x04, 0x00, 0x08, 0x00, 0x02, 0x00, 0x00, 0x00, 0x04, 0x00, 0x08, 0x00, 0x02, 0x00, 0x00, 0x00, 0x04, 0x00,
    0x08, 0x01, 0x01, 0x00, 0x00, 0x00, 0x02, 0x00, 0x08, 0x00, 0xe7, 0xfc, 0x00, 0x00, 0x02, 0x00, 0x04, 0x03, 0xf8, 0xff, 0x00, 0x00, 0x02, 0x00,
    0x04, 0x0f, 0xf8, 0x3f, 0x00, 0x00, 0x02, 0x00, 0x02, 0x43, 0xfc, 0x4f, 0x01, 0xc0, 0x02, 0x00, 0x01, 0x20, 0xfe, 0x5f, 0x00, 0x00, 0x01, 0x00,
    0x00, 0xf4, 0xff, 0xff, 0x00, 0x00, 0x01, 0x00, 0x00, 0x35, 0xff, 0xff, 0x00, 0x00, 0x01, 0x00, 0x00, 0x13, 0xff, 0xff, 0x00, 0x00, 0x01, 0x00,
    0x00, 0x17, 0xff, 0xff, 0x00, 0x00, 0x00, 0x80, 0x00, 0x27, 0xff, 0xff, 0x00, 0x00, 0x00, 0x80, 0x00, 0x27, 0xff, 0xfe, 0x00, 0x00, 0x00, 0x80,
    0x00, 0x27, 0xff, 0xfe, 0x00, 0x00, 0x00, 0x80, 0x00, 0x27, 0xff, 0xfe, 0x00, 0x00, 0x00, 0x40, 0x00, 0x26, 0xff, 0xfe, 0x00, 0x00, 0x00, 0x40,
    0x00, 0x26, 0x1f, 0xfe, 0x00, 0x00, 0x00, 0x40, 0x00, 0x23, 0x7f, 0xfe, 0x08, 0x00, 0x00, 0x40, 0x00, 0x23, 0xff, 0xfc, 0x08, 0x00, 0x00, 0x20,
    0x0c, 0x21, 0xff, 0xfc, 0x18, 0x00, 0x00, 0x20, 0x1c, 0x41, 0xff, 0xfc, 0x18, 0x00, 0x00, 0x20, 0x18, 0x40, 0xff, 0xfc, 0x18, 0x00, 0x00, 0x20,
    0x28, 0x40, 0x7f, 0xfc, 0x00, 0x00, 0x00, 0x10, 0x28, 0x40, 0x3f, 0x7c, 0x08, 0x00, 0x00, 0x10, 0x24, 0x80, 0x00, 0x3c, 0x1c, 0x00, 0x00, 0x10,
    0x27, 0x80, 0x00, 0x1c, 0x3c, 0x00, 0x00, 0x10, 0x20, 0x08, 0x00, 0x0c, 0x10, 0x00, 0x00, 0x10, 0x30, 0x10, 0x00, 0x00, 0x00, 0x00, 0x00, 0x10,
    0x28, 0x30, 0x00, 0x06, 0x00, 0x00, 0x00, 0x10, 0x27, 0xe0, 0x00, 0x0f, 0x00, 0x00, 0x00, 0x10, 0x11, 0x82, 0x00, 0x1f, 0x80, 0x00, 0x00, 0x10,
    0x08, 0x02, 0x00, 0x7f, 0xc0, 0x00, 0x00, 0x10, 0x06, 0x04, 0x00, 0x3f, 0xe0, 0x00, 0x00, 0x10, 0x01, 0xb8, 0x00, 0x3f, 0xca, 0x3e, 0x40, 0x10,
    0x00, 0x80, 0x00, 0x1f, 0x3c, 0xff, 0xb0, 0x20, 0x00, 0xc1, 0x00, 0x0c, 0x79, 0xff, 0xd0, 0x20, 0x00, 0x7f, 0x00, 0x01, 0xf3, 0xff, 0xe8, 0x40,
    0x00, 0x0b, 0x00, 0x0f, 0xe7, 0xff, 0xf4, 0x80, 0x00, 0x02, 0x00, 0x5f, 0x6f, 0xff, 0xf9, 0x00, 0x00, 0x04, 0x02, 0x3e, 0x4f, 0xff, 0xfa, 0x00,
    0x00, 0x07, 0xff, 0xff, 0xff, 0xff, 0xfe, 0x00,
};
const uint8_t kIdle96[1152] = {
    0x00, 0x00, 0x00, 0x00, 0x00, 0x00, 0x00, 0x00, 0x00, 0x00, 0x00, 0x00, 0x00, 0x00, 0x00, 0x00, 0x00, 0x00, 0x00, 0x00, 0x00, 0x00, 0x00, 0x00,
    0x00, 0x00, 0x00, 0x00, 0x00, 0xff, 0xfe, 0x00, 0x00, 0x00, 0x00, 0x00, 0x00, 0x00, 0x00, 0x00, 0x0f, 0x80, 0x03, 0xe0, 0x00, 0x00, 0x00, 0x00,
    0x00, 0x00, 0x00, 0x00, 0x7f, 0x00, 0x00, 0x38, 0x00, 0x00, 0x00, 0x00, 0x00, 0x00, 0x00, 0x03, 0xff, 0xfc, 0x00, 0x0e, 0x00, 0x00, 0x00, 0x00,
    0x00, 0x00, 0x00, 0x0f, 0x07, 0xff, 0x00, 0x01, 0x80, 0x00, 0x00, 0x00, 0x00, 0x00, 0x00, 0x30, 0x00, 0x7f, 0xc0, 0x00, 0xe0, 0x00, 0x00, 0x00,
    0x00, 0x00, 0x00, 0xc0, 0x00, 0x1f, 0xe0, 0x00, 0x30, 0x00, 0x00, 0x00, 0x00, 0x00, 0x03, 0x00, 0x00, 0x07, 0xf0, 0x00, 0x18, 0x00, 0x00, 0x00,
    0x00, 0x00, 0x06, 0x00, 0x00, 0x03, 0xf8, 0x00, 0x0c, 0x00, 0x00, 0x00, 0x00, 0x00, 0x18, 0x00, 0x00, 0x01, 0xfc, 0x00, 0x06, 0x00, 0x00, 0x00,
    0x00, 0x00, 0x30, 0x00, 0x00, 0x00, 0xfe, 0x00, 0x03, 0x00, 0x00, 0x00, 0x00, 0x00, 0x40, 0x00, 0x00, 0x00, 0x7e, 0x00, 0x01, 0x80, 0x00, 0x00,
    0x00, 0x01, 0x80, 0x00, 0x00, 0x00, 0x3f, 0x00, 0x01, 0xc0, 0x00, 0x00, 0x00, 0x03, 0x00, 0x00, 0x00, 0x05, 0x9f, 0x80, 0x09, 0xc0, 0x00, 0x00,
    0x00, 0x06, 0x00, 0x00, 0x00, 0x8f, 0x9f, 0x80, 0x05, 0xe0, 0x00, 0x00, 0x00, 0x04, 0x00, 0x00, 0x00, 0x8f, 0x4f, 0xc0, 0x1f, 0x20, 0x00, 0x00,
    0x00, 0x08, 0x01, 0x00, 0x00, 0xdf, 0x2f, 0xc2, 0x1f, 0x30, 0x00, 0x00, 0x00, 0x12, 0x03, 0x04, 0x01, 0xff, 0x3f, 0xef, 0xff, 0x10, 0x00, 0x00,
    0x00, 0x34, 0x02, 0x07, 0xe1, 0xee, 0x1f, 0xff, 0x7e, 0x18, 0x00, 0x00, 0x00, 0x3f, 0x87, 0x8f, 0xef, 0xf0, 0x07, 0xf3, 0x06, 0x08, 0x00, 0x00,
    0x00, 0x7f, 0xef, 0xff, 0xff, 0xf0, 0x03, 0xf1, 0x00, 0x0c, 0x00, 0x00, 0x00, 0x7f, 0xff, 0xfc, 0x3f, 0xf0, 0x03, 0xf0, 0x00, 0x0c, 0x00, 0x00,
    0x00, 0xdf, 0xe4, 0x00, 0x02, 0x60, 0x03, 0xf8, 0x00, 0x06, 0x00, 0x00, 0x00, 0x95, 0x80, 0x00, 0x00, 0x00, 0x01, 0xf8, 0x00, 0x06, 0x00, 0x00,
    0x00, 0x80, 0x00, 0x00, 0x00, 0x00, 0x01, 0xc8, 0x00, 0x02, 0x00, 0x00, 0x01, 0x80, 0x00, 0x00, 0x00, 0x00, 0x01, 0x08, 0x00, 0x03, 0x00, 0x00,
    0x01, 0x00, 0x00, 0x00, 0x00, 0x00, 0x01, 0x88, 0x00, 0x03, 0x00, 0x00, 0x01, 0x00, 0x00, 0x01, 0x00, 0x00, 0x00, 0x80, 0x00, 0x01, 0x00, 0x00,
    0x01, 0x00, 0x00, 0x01, 0x00, 0x00, 0x00, 0x0c, 0x00, 0x01, 0x00, 0x00, 0x01, 0x00, 0x00, 0x00, 0x80, 0x00, 0x00, 0x80, 0x00, 0x01, 0x80, 0x00,
    0x03, 0x00, 0x00, 0x00, 0x80, 0x00, 0x00, 0x00, 0x00, 0x00, 0x80, 0x00, 0x03, 0x00, 0x00, 0x00, 0xc0, 0x00, 0x00, 0x00, 0x08, 0x00, 0x80, 0x00,
    0x03, 0x00, 0x00, 0x00, 0x40, 0x00, 0x00, 0x00, 0x00, 0x00, 0x80, 0x00, 0x03, 0x00, 0x02, 0x00, 0x60, 0x00, 0x00, 0x00, 0x00, 0x00, 0xc0, 0x00,
    0x03, 0x00, 0x01, 0x00, 0x20, 0x00, 0x00, 0x00, 0x04, 0x00, 0xc0, 0x00, 0x01, 0x00, 0x00, 0x80, 0x70, 0x00, 0x00, 0x00, 0x00, 0x00, 0x40, 0x00,
    0x01, 0x00, 0x00, 0xf9, 0xff, 0xfe, 0x00, 0x00, 0x00, 0x00, 0x40, 0x00, 0x01, 0x00, 0x07, 0xfb, 0x0f, 0xff, 0x00, 0x00, 0x02, 0x00, 0x40, 0x00,
    0x00, 0x80, 0x1f, 0xfe, 0x03, 0xff, 0x00, 0x00, 0x00, 0x00, 0x40, 0x00, 0x00, 0xc0, 0x3f, 0xfe, 0x00, 0xff, 0x00, 0x08, 0x00, 0x00, 0x60, 0x00,
    0x00, 0x40, 0x1f, 0xff, 0x82, 0x7f, 0x00, 0x3f, 0x01, 0x00, 0x20, 0x00, 0x00, 0x22, 0x01, 0xff, 0x86, 0x7f, 0x00, 0x00, 0x01, 0x00, 0x20, 0x00,
    0x00, 0x19, 0x08, 0xff, 0xc6, 0xff, 0x00, 0x00, 0x00, 0x00, 0x20, 0x00, 0x00, 0x0f, 0x89, 0xff, 0xf9, 0xff, 0x00, 0x00, 0x00, 0x00, 0x30, 0x00,
    0x00, 0x03, 0xc9, 0xff, 0xff, 0xff, 0x00, 0x00, 0x00, 0x80, 0x30, 0x00, 0x00, 0x00, 0x8d, 0xff, 0xff, 0xff, 0x00, 0x00, 0x00, 0x00, 0x10, 0x00,
    0x00, 0x00, 0x83, 0xff, 0xff, 0xff, 0x00, 0x00, 0x00, 0x00, 0x10, 0x00, 0x00, 0x00, 0x8f, 0xff, 0xff, 0xff, 0x00, 0x00, 0x00, 0x40, 0x18, 0x00,
    0x00, 0x00, 0x8f, 0xff, 0xff, 0xff, 0x00, 0x00, 0x00, 0x00, 0x18, 0x00, 0x00, 0x00, 0x8f, 0xff, 0xff, 0xfe, 0x00, 0x00, 0x00, 0x00, 0x08, 0x00,
    0x00, 0x00, 0x9f, 0xff, 0xff, 0xfe, 0x00, 0x00, 0x00, 0x00, 0x08, 0x00, 0x00, 0x00, 0x9f, 0xff, 0xff, 0xfe, 0x00, 0x00, 0x00, 0x00, 0x08, 0x00,
    0x00, 0x00, 0x9f, 0xff, 0xff, 0xfe, 0x00, 0x00, 0x00, 0x00, 0x0c, 0x00, 0x00, 0x01, 0x9f, 0xff, 0xff, 0xfe, 0x00, 0x00, 0x00, 0x00, 0x04, 0x00,
    0x00, 0x01, 0x9f, 0xff, 0xff, 0xfe, 0x00, 0x00, 0x00, 0x00, 0x04, 0x00, 0x00, 0x01, 0x8d, 0xff, 0xff, 0xfc, 0x00, 0x00, 0x00, 0x00, 0x06, 0x00,
    0x00, 0x01, 0x0c, 0x1f, 0xff, 0xfc, 0x00, 0x00, 0x00, 0x00, 0x06, 0x00, 0x00, 0x01, 0x0e, 0x07, 0xff, 0xfc, 0x00, 0x00, 0x00, 0x00, 0x02, 0x00,
    0x00, 0x01, 0x07, 0xff, 0xff, 0xfc, 0x02, 0x00, 0x00, 0x00, 0x02, 0x00, 0x00, 0x01, 0x07, 0xff, 0xff, 0xfc, 0x02, 0x00, 0x00, 0x00, 0x03, 0x00,
    0x00, 0x01, 0x03, 0xff, 0xff, 0xf8, 0x02, 0x00, 0x00, 0x00, 0x01, 0x00, 0x01, 0x01, 0x03, 0xff, 0xff, 0xf8, 0x06, 0x00, 0x00, 0x00, 0x01, 0x00,
    0x03, 0x83, 0x01, 0xff, 0xff, 0xf8, 0x06, 0x00, 0x00, 0x00, 0x01, 0x00, 0x07, 0x03, 0x01, 0xff, 0xff, 0xf8, 0x07, 0x00, 0x00, 0x00, 0x01, 0x80,
    0x0f, 0x02, 0x00, 0xff, 0xff, 0xf8, 0x0e, 0x00, 0x00, 0x00, 0x00, 0x80, 0x0b, 0x02, 0x00, 0xff, 0xff, 0xf8, 0x0c, 0x00, 0x00, 0x00, 0x00, 0x80,
    0x1b, 0x02, 0x00, 0x7f, 0xff, 0xf8, 0x00, 0x00, 0x00, 0x00, 0x00, 0x80, 0x1b, 0x06, 0x00, 0x3f, 0xff, 0xf8, 0x01, 0x00, 0x00, 0x00, 0x00, 0xc0,
    0x19, 0x04, 0x00, 0x00, 0x01, 0xf8, 0x07, 0x00, 0x00, 0x00, 0x00, 0xc0, 0x19, 0x04, 0x00, 0x00, 0x00, 0xf8, 0x0f, 0x80, 0x00, 0x00, 0x00, 0x40,
    0x10, 0xf8, 0x00, 0x00, 0x00, 0xf8, 0x1f, 0x80, 0x00, 0x00, 0x00, 0x40, 0x18, 0x70, 0x00, 0x00, 0x00, 0x78, 0x0f, 0x00, 0x00, 0x00, 0x00, 0x40,
    0x18, 0x00, 0x20, 0x00, 0x00, 0x30, 0x04, 0x00, 0x00, 0x00, 0x00, 0x40, 0x14, 0x00, 0x60, 0x00, 0x00, 0x20, 0x00, 0x00, 0x00, 0x00, 0x00, 0x40,
    0x14, 0x00, 0xc0, 0x00, 0x00, 0x04, 0x00, 0x00, 0x00, 0x00, 0x00, 0x40, 0x1b, 0x01, 0x80, 0x00, 0x00, 0x0c, 0x00, 0x00, 0x00, 0x00, 0x00, 0x40,
    0x09, 0xcf, 0x02, 0x00, 0x00, 0x1e, 0x00, 0x00, 0x00, 0x00, 0x00, 0x40, 0x0c, 0xfe, 0x02, 0x00, 0x00, 0x3f, 0x00, 0x00, 0x00, 0x00, 0x00, 0x40,
    0x04, 0x00, 0x04, 0x00, 0x00, 0x7f, 0x80, 0x00, 0x00, 0x00, 0x00, 0x40, 0x02, 0x00, 0x04, 0x00, 0x03, 0xff, 0xe0, 0x00, 0x00, 0x00, 0x00, 0x40,
    0x01, 0x80, 0x0c, 0x00, 0x03, 0xff, 0xf0, 0x00, 0x00, 0x00, 0x00, 0x40, 0x00, 0xe0, 0x18, 0x00, 0x01, 0xff, 0xf0, 0x00, 0x01, 0x80, 0x00, 0xc0,
    0x00, 0x3b, 0xf0, 0x00, 0x00, 0xff, 0xe2, 0x60, 0xf8, 0x60, 0x00, 0xc0, 0x00, 0x09, 0xe0, 0x00, 0x00, 0xff, 0x87, 0xc7, 0xff, 0x18, 0x00, 0x80,
    0x00, 0x0c, 0x00, 0x80, 0x00, 0x7f, 0x1f, 0x0f, 0xff, 0xcc, 0x01, 0x80, 0x00, 0x04, 0x01, 0x80, 0x00, 0x78, 0x7e, 0x3f, 0xff, 0xf4, 0x01, 0x00,
    0x00, 0x06, 0x03, 0x00, 0x00, 0x21, 0xfc, 0x7f, 0xff, 0xfa, 0x03, 0x00, 0x00, 0x01, 0xff, 0x00, 0x00, 0x03, 0xfc, 0xff, 0xff, 0xfb, 0x06, 0x00,
    0x00, 0x00, 0x7a, 0x00, 0x00, 0x3f, 0xf9, 0xff, 0xff, 0xfd, 0x0c, 0x00, 0x00, 0x00, 0x06, 0x00, 0x02, 0x7f, 0xb3, 0xff, 0xff, 0xfd, 0x98, 0x00,
    0x00, 0x00, 0x04, 0x00, 0x04, 0x7f, 0x73, 0xff, 0xff, 0xfe, 0xb0, 0x00, 0x00, 0x00, 0x08, 0x00, 0x08, 0xfe, 0x67, 0xff, 0xff, 0xfe, 0xa0, 0x00,
    0x00, 0x00, 0x18, 0x01, 0xc9, 0xfe, 0xe7, 0xff, 0xff, 0xfe, 0xa0, 0x00, 0x00, 0x00, 0x1f, 0xff, 0xff, 0xff, 0xff, 0xff, 0xff, 0xff, 0xe0, 0x00,
};
const uint8_t kBlink96[1152] = {
    0x00, 0x00, 0x00, 0x00, 0x00, 0x00, 0x00, 0x00, 0x00, 0x00, 0x00, 0x00, 0x00, 0x00, 0x00, 0x00, 0x00, 0x00, 0x00, 0x00, 0x00, 0x00, 0x00, 0x00,
    0x00, 0x00, 0x00, 0x00, 0x00, 0xff, 0xfe, 0x00, 0x00, 0x00, 0x00, 0x00, 0x00, 0x00, 0x00, 0x00, 0x0f, 0x80, 0x03, 0xe0, 0x00, 0x00, 0x00, 0x00,
    0x00, 0x00, 0x00, 0x00, 0x7f, 0x00, 0x00, 0x38, 0x00, 0x00, 0x00, 0x00, 0x00, 0x00, 0x00, 0x03, 0xff, 0xfc, 0x00, 0x0e, 0x00, 0x00, 0x00, 0x00,
    0x00, 0x00, 0x00, 0x0f, 0x07, 0xff, 0x00, 0x01, 0x80, 0x00, 0x00, 0x00, 0x00, 0x00, 0x00, 0x30, 0x00, 0x7f, 0xc0, 0x00, 0xe0, 0x00, 0x00, 0x00,
    0x00, 0x00, 0x00, 0xc0, 0x00, 0x1f, 0xe0, 0x00, 0x30, 0x00, 0x00, 0x00, 0x00, 0x00, 0x03, 0x00, 0x00, 0x07, 0xf0, 0x00, 0x18, 0x00, 0x00, 0x00,
    0x00, 0x00, 0x06, 0x00, 0x00, 0x03, 0xf8, 0x00, 0x0c, 0x00, 0x00, 0x00, 0x00, 0x00, 0x18, 0x00, 0x00, 0x01, 0xfc, 0x00, 0x06, 0x00, 0x00, 0x00,
    0x00, 0x00, 0x30, 0x00, 0x00, 0x00, 0xfe, 0x00, 0x03, 0x00, 0x00, 0x00, 0x00, 0x00, 0x40, 0x00, 0x00, 0x00, 0x7e, 0x00, 0x01, 0x80, 0x00, 0x00,
    0x00, 0x01, 0x80, 0x00, 0x00, 0x00, 0x3f, 0x00, 0x01, 0xc0, 0x00, 0x00, 0x00, 0x03, 0x00, 0x00, 0x00, 0x05, 0x9f, 0x80, 0x09, 0xc0, 0x00, 0x00,
    0x00, 0x06, 0x00, 0x00, 0x00, 0x8f, 0x9f, 0x80, 0x05, 0xe0, 0x00, 0x00, 0x00, 0x04, 0x00, 0x00, 0x00, 0x8f, 0x4f, 0xc0, 0x1f, 0x20, 0x00, 0x00,
    0x00, 0x08, 0x01, 0x00, 0x00, 0xdf, 0x2f, 0xc2, 0x1f, 0x30, 0x00, 0x00, 0x00, 0x12, 0x03, 0x04, 0x01, 0xff, 0x3f, 0xef, 0xff, 0x10, 0x00, 0x00,
    0x00, 0x34, 0x02, 0x07, 0xe1, 0xee, 0x1f, 0xff, 0x7e, 0x18, 0x00, 0x00, 0x00, 0x3f, 0x87, 0x8f, 0xef, 0xf0, 0x07, 0xf3, 0x06, 0x08, 0x00, 0x00,
    0x00, 0x7f, 0xef, 0xff, 0xff, 0xf0, 0x03, 0xf1, 0x00, 0x0c, 0x00, 0x00, 0x00, 0x7f, 0xff, 0xfc, 0x3f, 0xf0, 0x03, 0xf0, 0x00, 0x0c, 0x00, 0x00,
    0x00, 0xdf, 0xe4, 0x00, 0x02, 0x60, 0x03, 0xf8, 0x00, 0x06, 0x00, 0x00, 0x00, 0x95, 0x80, 0x00, 0x00, 0x00, 0x01, 0xf8, 0x00, 0x06, 0x00, 0x00,
    0x00, 0x80, 0x00, 0x00, 0x00, 0x00, 0x01, 0xc8, 0x00, 0x02, 0x00, 0x00, 0x01, 0x80, 0x00, 0x00, 0x00, 0x00, 0x01, 0x08, 0x00, 0x03, 0x00, 0x00,
    0x01, 0x00, 0x00, 0x00, 0x00, 0x00, 0x01, 0x88, 0x00, 0x03, 0x00, 0x00, 0x01, 0x00, 0x00, 0x01, 0x00, 0x00, 0x00, 0x80, 0x00, 0x01, 0x00, 0x00,
    0x01, 0x00, 0x00, 0x01, 0x00, 0x00, 0x00, 0x0c, 0x00, 0x01, 0x00, 0x00, 0x01, 0x00, 0x00, 0x00, 0x80, 0x00, 0x00, 0x80, 0x00, 0x01, 0x80, 0x00,
    0x03, 0x00, 0x00, 0x00, 0x80, 0x00, 0x00, 0x00, 0x00, 0x00, 0x80, 0x00, 0x03, 0x00, 0x00, 0x00, 0xc0, 0x00, 0x00, 0x00, 0x08, 0x00, 0x80, 0x00,
    0x03, 0x00, 0x00, 0x00, 0x40, 0x00, 0x00, 0x00, 0x00, 0x00, 0x80, 0x00, 0x03, 0x00, 0x02, 0x00, 0x60, 0x00, 0x00, 0x00, 0x00, 0x00, 0xc0, 0x00,
    0x03, 0x00, 0x01, 0x00, 0x20, 0x00, 0x00, 0x00, 0x04, 0x00, 0xc0, 0x00, 0x01, 0x00, 0x00, 0x80, 0x70, 0x00, 0x00, 0x00, 0x00, 0x00, 0x40, 0x00,
    0x01, 0x00, 0x00, 0xf9, 0xff, 0xfe, 0x00, 0x00, 0x00, 0x00, 0x40, 0x00, 0x01, 0x00, 0x07, 0xfb, 0xff, 0xff, 0x00, 0x00, 0x02, 0x00, 0x40, 0x00,
    0x00, 0x80, 0x1f, 0xff, 0xff, 0xff, 0x00, 0x00, 0x00, 0x00, 0x40, 0x00, 0x00, 0xc0, 0x3f, 0xff, 0xff, 0xff, 0x00, 0x08, 0x00, 0x00, 0x60, 0x00,
    0x00, 0x40, 0x1f, 0xfe, 0xff, 0xbf, 0x00, 0x3f, 0x01, 0x00, 0x20, 0x00, 0x00, 0x22, 0x0f, 0xfe, 0x3e, 0x3f, 0x00, 0x00, 0x01, 0x00, 0x20, 0x00,
    0x00, 0x19, 0x0f, 0xff, 0x80, 0xff, 0x00, 0x00, 0x00, 0x00, 0x20, 0x00, 0x00, 0x0f, 0x80, 0xff, 0xff, 0xff, 0x00, 0x00, 0x00, 0x00, 0x30, 0x00,
    0x00, 0x03, 0xcf, 0xff, 0xff, 0xff, 0x00, 0x00, 0x00, 0x80, 0x30, 0x00, 0x00, 0x00, 0x8f, 0xff, 0xff, 0xff, 0x00, 0x00, 0x00, 0x00, 0x10, 0x00,
    0x00, 0x00, 0x8f, 0xff, 0xff, 0xff, 0x00, 0x00, 0x00, 0x00, 0x10, 0x00, 0x00, 0x00, 0x8f, 0xff, 0xff, 0xff, 0x00, 0x00, 0x00, 0x40, 0x18, 0x00,
    0x00, 0x00, 0x8f, 0xff, 0xff, 0xff, 0x00, 0x00, 0x00, 0x00, 0x18, 0x00, 0x00, 0x00, 0x8f, 0xff, 0xff, 0xfe, 0x00, 0x00, 0x00, 0x00, 0x08, 0x00,
    0x00, 0x00, 0x9f, 0xff, 0xff, 0xfe, 0x00, 0x00, 0x00, 0x00, 0x08, 0x00, 0x00, 0x00, 0x9f, 0xff, 0xff, 0xfe, 0x00, 0x00, 0x00, 0x00, 0x08, 0x00,
    0x00, 0x00, 0x9f, 0xff, 0xff, 0xfe, 0x00, 0x00, 0x00, 0x00, 0x0c, 0x00, 0x00, 0x01, 0x9f, 0xff, 0xff, 0xfe, 0x00, 0x00, 0x00, 0x00, 0x04, 0x00,
    0x00, 0x01, 0x9f, 0xff, 0xff, 0xfe, 0x00, 0x00, 0x00, 0x00, 0x04, 0x00, 0x00, 0x01, 0x8d, 0xff, 0xff, 0xfc, 0x00, 0x00, 0x00, 0x00, 0x06, 0x00,
    0x00, 0x01, 0x0c, 0x1f, 0xff, 0xfc, 0x00, 0x00, 0x00, 0x00, 0x06, 0x00, 0x00, 0x01, 0x0e, 0x07, 0xff, 0xfc, 0x00, 0x00, 0x00, 0x00, 0x02, 0x00,
    0x00, 0x01, 0x07, 0xff, 0xff, 0xfc, 0x02, 0x00, 0x00, 0x00, 0x02, 0x00, 0x00, 0x01, 0x07, 0xff, 0xff, 0xfc, 0x02, 0x00, 0x00, 0x00, 0x03, 0x00,
    0x00, 0x01, 0x03, 0xff, 0xff, 0xf8, 0x02, 0x00, 0x00, 0x00, 0x01, 0x00, 0x01, 0x01, 0x03, 0xff, 0xff, 0xf8, 0x06, 0x00, 0x00, 0x00, 0x01, 0x00,
    0x03, 0x83, 0x01, 0xff, 0xff, 0xf8, 0x06, 0x00, 0x00, 0x00, 0x01, 0x00, 0x07, 0x03, 0x01, 0xff, 0xff, 0xf8, 0x07, 0x00, 0x00, 0x00, 0x01, 0x80,
    0x0f, 0x02, 0x00, 0xff, 0xff, 0xf8, 0x0e, 0x00, 0x00, 0x00, 0x00, 0x80, 0x0b, 0x02, 0x00, 0xff, 0xff, 0xf8, 0x0c, 0x00, 0x00, 0x00, 0x00, 0x80,
    0x1b, 0x02, 0x00, 0x7f, 0xff, 0xf8, 0x00, 0x00, 0x00, 0x00, 0x00, 0x80, 0x1b, 0x06, 0x00, 0x3f, 0xff, 0xf8, 0x01, 0x00, 0x00, 0x00, 0x00, 0xc0,
    0x19, 0x04, 0x00, 0x00, 0x01, 0xf8, 0x07, 0x00, 0x00, 0x00, 0x00, 0xc0, 0x19, 0x04, 0x00, 0x00, 0x00, 0xf8, 0x0f, 0x80, 0x00, 0x00, 0x00, 0x40,
    0x10, 0xf8, 0x00, 0x00, 0x00, 0xf8, 0x1f, 0x80, 0x00, 0x00, 0x00, 0x40, 0x18, 0x70, 0x00, 0x00, 0x00, 0x78, 0x0f, 0x00, 0x00, 0x00, 0x00, 0x40,
    0x18, 0x00, 0x20, 0x00, 0x00, 0x30, 0x04, 0x00, 0x00, 0x00, 0x00, 0x40, 0x14, 0x00, 0x60, 0x00, 0x00, 0x20, 0x00, 0x00, 0x00, 0x00, 0x00, 0x40,
    0x14, 0x00, 0xc0, 0x00, 0x00, 0x04, 0x00, 0x00, 0x00, 0x00, 0x00, 0x40, 0x1b, 0x01, 0x80, 0x00, 0x00, 0x0c, 0x00, 0x00, 0x00, 0x00, 0x00, 0x40,
    0x09, 0xcf, 0x02, 0x00, 0x00, 0x1e, 0x00, 0x00, 0x00, 0x00, 0x00, 0x40, 0x0c, 0xfe, 0x02, 0x00, 0x00, 0x3f, 0x00, 0x00, 0x00, 0x00, 0x00, 0x40,
    0x04, 0x00, 0x04, 0x00, 0x00, 0x7f, 0x80, 0x00, 0x00, 0x00, 0x00, 0x40, 0x02, 0x00, 0x04, 0x00, 0x03, 0xff, 0xe0, 0x00, 0x00, 0x00, 0x00, 0x40,
    0x01, 0x80, 0x0c, 0x00, 0x03, 0xff, 0xf0, 0x00, 0x00, 0x00, 0x00, 0x40, 0x00, 0xe0, 0x18, 0x00, 0x01, 0xff, 0xf0, 0x00, 0x01, 0x80, 0x00, 0xc0,
    0x00, 0x3b, 0xf0, 0x00, 0x00, 0xff, 0xe2, 0x60, 0xf8, 0x60, 0x00, 0xc0, 0x00, 0x09, 0xe0, 0x00, 0x00, 0xff, 0x87, 0xc7, 0xff, 0x18, 0x00, 0x80,
    0x00, 0x0c, 0x00, 0x80, 0x00, 0x7f, 0x1f, 0x0f, 0xff, 0xcc, 0x01, 0x80, 0x00, 0x04, 0x01, 0x80, 0x00, 0x78, 0x7e, 0x3f, 0xff, 0xf4, 0x01, 0x00,
    0x00, 0x06, 0x03, 0x00, 0x00, 0x21, 0xfc, 0x7f, 0xff, 0xfa, 0x03, 0x00, 0x00, 0x01, 0xff, 0x00, 0x00, 0x03, 0xfc, 0xff, 0xff, 0xfb, 0x06, 0x00,
    0x00, 0x00, 0x7a, 0x00, 0x00, 0x3f, 0xf9, 0xff, 0xff, 0xfd, 0x0c, 0x00, 0x00, 0x00, 0x06, 0x00, 0x02, 0x7f, 0xb3, 0xff, 0xff, 0xfd, 0x98, 0x00,
    0x00, 0x00, 0x04, 0x00, 0x04, 0x7f, 0x73, 0xff, 0xff, 0xfe, 0xb0, 0x00, 0x00, 0x00, 0x08, 0x00, 0x08, 0xfe, 0x67, 0xff, 0xff, 0xfe, 0xa0, 0x00,
    0x00, 0x00, 0x18, 0x01, 0xc9, 0xfe, 0xe7, 0xff, 0xff, 0xfe, 0xa0, 0x00, 0x00, 0x00, 0x1f, 0xff, 0xff, 0xff, 0xff, 0xff, 0xff, 0xff, 0xe0, 0x00,
};
const uint8_t kTalk96[1152] = {
    0x00, 0x00, 0x00, 0x00, 0x00, 0x00, 0x00, 0x00, 0x00, 0x00, 0x00, 0x00, 0x00, 0x00, 0x00, 0x00, 0x00, 0x00, 0x00, 0x00, 0x00, 0x00, 0x00, 0x00,
    0x00, 0x00, 0x00, 0x00, 0x00, 0xff, 0xfe, 0x00, 0x00, 0x00, 0x00, 0x00, 0x00, 0x00, 0x00, 0x00, 0x0f, 0x80, 0x03, 0xe0, 0x00, 0x00, 0x00, 0x00,
    0x00, 0x00, 0x00, 0x00, 0x7f, 0x00, 0x00, 0x38, 0x00, 0x00, 0x00, 0x00, 0x00, 0x00, 0x00, 0x03, 0xff, 0xfc, 0x00, 0x0e, 0x00, 0x00, 0x00, 0x00,
    0x00, 0x00, 0x00, 0x0f, 0x07, 0xff, 0x00, 0x01, 0x80, 0x00, 0x00, 0x00, 0x00, 0x00, 0x00, 0x30, 0x00, 0x7f, 0xc0, 0x00, 0xe0, 0x00, 0x00, 0x00,
    0x00, 0x00, 0x00, 0xc0, 0x00, 0x1f, 0xe0, 0x00, 0x30, 0x00, 0x00, 0x00, 0x00, 0x00, 0x03, 0x00, 0x00, 0x07, 0xf0, 0x00, 0x18, 0x00, 0x00, 0x00,
    0x00, 0x00, 0x06, 0x00, 0x00, 0x03, 0xf8, 0x00, 0x0c, 0x00, 0x00, 0x00, 0x00, 0x00, 0x18, 0x00, 0x00, 0x01, 0xfc, 0x00, 0x06, 0x00, 0x00, 0x00,
    0x00, 0x00, 0x30, 0x00, 0x00, 0x00, 0xfe, 0x00, 0x03, 0x00, 0x00, 0x00, 0x00, 0x00, 0x40, 0x00, 0x00, 0x00, 0x7e, 0x00, 0x01, 0x80, 0x00, 0x00,
    0x00, 0x01, 0x80, 0x00, 0x00, 0x00, 0x3f, 0x00, 0x01, 0xc0, 0x00, 0x00, 0x00, 0x03, 0x00, 0x00, 0x00, 0x05, 0x9f, 0x80, 0x09, 0xc0, 0x00, 0x00,
    0x00, 0x06, 0x00, 0x00, 0x00, 0x8f, 0x9f, 0x80, 0x05, 0xe0, 0x00, 0x00, 0x00, 0x04, 0x00, 0x00, 0x00, 0x8f, 0x4f, 0xc0, 0x1f, 0x20, 0x00, 0x00,
    0x00, 0x08, 0x01, 0x00, 0x00, 0xdf, 0x2f, 0xc2, 0x1f, 0x30, 0x00, 0x00, 0x00, 0x12, 0x03, 0x04, 0x01, 0xff, 0x3f, 0xef, 0xff, 0x10, 0x00, 0x00,
    0x00, 0x34, 0x02, 0x07, 0xe1, 0xee, 0x1f, 0xff, 0x7e, 0x18, 0x00, 0x00, 0x00, 0x3f, 0x87, 0x8f, 0xef, 0xf0, 0x07, 0xf3, 0x06, 0x08, 0x00, 0x00,
    0x00, 0x7f, 0xef, 0xff, 0xff, 0xf0, 0x03, 0xf1, 0x00, 0x0c, 0x00, 0x00, 0x00, 0x7f, 0xff, 0xfc, 0x3f, 0xf0, 0x03, 0xf0, 0x00, 0x0c, 0x00, 0x00,
    0x00, 0xdf, 0xe4, 0x00, 0x02, 0x60, 0x03, 0xf8, 0x00, 0x06, 0x00, 0x00, 0x00, 0x95, 0x80, 0x00, 0x00, 0x00, 0x01, 0xf8, 0x00, 0x06, 0x00, 0x00,
    0x00, 0x80, 0x00, 0x00, 0x00, 0x00, 0x01, 0xc8, 0x00, 0x02, 0x00, 0x00, 0x01, 0x80, 0x00, 0x00, 0x00, 0x00, 0x01, 0x08, 0x00, 0x03, 0x00, 0x00,
    0x01, 0x00, 0x00, 0x00, 0x00, 0x00, 0x01, 0x88, 0x00, 0x03, 0x00, 0x00, 0x01, 0x00, 0x00, 0x01, 0x00, 0x00, 0x00, 0x80, 0x00, 0x01, 0x00, 0x00,
    0x01, 0x00, 0x00, 0x01, 0x00, 0x00, 0x00, 0x0c, 0x00, 0x01, 0x00, 0x00, 0x01, 0x00, 0x00, 0x00, 0x80, 0x00, 0x00, 0x80, 0x00, 0x01, 0x80, 0x00,
    0x03, 0x00, 0x00, 0x00, 0x80, 0x00, 0x00, 0x00, 0x00, 0x00, 0x80, 0x00, 0x03, 0x00, 0x00, 0x00, 0xc0, 0x00, 0x00, 0x00, 0x08, 0x00, 0x80, 0x00,
    0x03, 0x00, 0x00, 0x00, 0x40, 0x00, 0x00, 0x00, 0x00, 0x00, 0x80, 0x00, 0x03, 0x00, 0x02, 0x00, 0x60, 0x00, 0x00, 0x00, 0x00, 0x00, 0xc0, 0x00,
    0x03, 0x00, 0x01, 0x00, 0x20, 0x00, 0x00, 0x00, 0x04, 0x00, 0xc0, 0x00, 0x01, 0x00, 0x00, 0x80, 0x70, 0x00, 0x00, 0x00, 0x00, 0x00, 0x40, 0x00,
    0x01, 0x00, 0x00, 0xf9, 0xff, 0xfe, 0x00, 0x00, 0x00, 0x00, 0x40, 0x00, 0x01, 0x00, 0x07, 0xfb, 0x0f, 0xff, 0x00, 0x00, 0x02, 0x00, 0x40, 0x00,
    0x00, 0x80, 0x1f, 0xfe, 0x03, 0xff, 0x00, 0x00, 0x00, 0x00, 0x40, 0x00, 0x00, 0xc0, 0x3f, 0xfe, 0x00, 0xff, 0x00, 0x08, 0x00, 0x00, 0x60, 0x00,
    0x00, 0x40, 0x1f, 0xff, 0x82, 0x7f, 0x00, 0x3f, 0x01, 0x00, 0x20, 0x00, 0x00, 0x22, 0x01, 0xff, 0x86, 0x7f, 0x00, 0x00, 0x01, 0x00, 0x20, 0x00,
    0x00, 0x19, 0x08, 0xff, 0xc6, 0xff, 0x00, 0x00, 0x00, 0x00, 0x20, 0x00, 0x00, 0x0f, 0x89, 0xff, 0xf9, 0xff, 0x00, 0x00, 0x00, 0x00, 0x30, 0x00,
    0x00, 0x03, 0xc9, 0xff, 0xff, 0xff, 0x00, 0x00, 0x00, 0x80, 0x30, 0x00, 0x00, 0x00, 0x8d, 0xff, 0xff, 0xff, 0x00, 0x00, 0x00, 0x00, 0x10, 0x00,
    0x00, 0x00, 0x83, 0xff, 0xff, 0xff, 0x00, 0x00, 0x00, 0x00, 0x10, 0x00, 0x00, 0x00, 0x8f, 0xff, 0xff, 0xff, 0x00, 0x00, 0x00, 0x40, 0x18, 0x00,
    0x00, 0x00, 0x8f, 0xff, 0xff, 0xff, 0x00, 0x00, 0x00, 0x00, 0x18, 0x00, 0x00, 0x00, 0x8f, 0xff, 0xff, 0xfe, 0x00, 0x00, 0x00, 0x00, 0x08, 0x00,
    0x00, 0x00, 0x9f, 0xff, 0xff, 0xfe, 0x00, 0x00, 0x00, 0x00, 0x08, 0x00, 0x00, 0x00, 0x9f, 0xff, 0xff, 0xfe, 0x00, 0x00, 0x00, 0x00, 0x08, 0x00,
    0x00, 0x00, 0x9f, 0xff, 0xff, 0xfe, 0x00, 0x00, 0x00, 0x00, 0x0c, 0x00, 0x00, 0x01, 0x9f, 0xff, 0xff, 0xfe, 0x00, 0x00, 0x00, 0x00, 0x04, 0x00,
    0x00, 0x01, 0x9f, 0xff, 0xff, 0xfe, 0x00, 0x00, 0x00, 0x00, 0x04, 0x00, 0x00, 0x01, 0x8d, 0xff, 0xff, 0xfc, 0x00, 0x00, 0x00, 0x00, 0x06, 0x00,
    0x00, 0x01, 0x0c, 0x1f, 0xff, 0xfc, 0x00, 0x00, 0x00, 0x00, 0x06, 0x00, 0x00, 0x01, 0x0e, 0x07, 0xff, 0xfc, 0x00, 0x00, 0x00, 0x00, 0x02, 0x00,
    0x00, 0x01, 0x07, 0x1f, 0xff, 0xfc, 0x02, 0x00, 0x00, 0x00, 0x02, 0x00, 0x00, 0x01, 0x07, 0xff, 0xff, 0xfc, 0x02, 0x00, 0x00, 0x00, 0x03, 0x00,
    0x00, 0x01, 0x03, 0xff, 0xff, 0xf8, 0x02, 0x00, 0x00, 0x00, 0x01, 0x00, 0x01, 0x01, 0x03, 0xff, 0xff, 0xf8, 0x06, 0x00, 0x00, 0x00, 0x01, 0x00,
    0x03, 0x83, 0x01, 0xff, 0xff, 0xf8, 0x06, 0x00, 0x00, 0x00, 0x01, 0x00, 0x07, 0x03, 0x01, 0xff, 0xff, 0xf8, 0x07, 0x00, 0x00, 0x00, 0x01, 0x80,
    0x0f, 0x02, 0x00, 0xff, 0xff, 0xf8, 0x0e, 0x00, 0x00, 0x00, 0x00, 0x80, 0x0b, 0x02, 0x00, 0xff, 0xff, 0xf8, 0x0c, 0x00, 0x00, 0x00, 0x00, 0x80,
    0x1b, 0x02, 0x00, 0x7f, 0xff, 0xf8, 0x00, 0x00, 0x00, 0x00, 0x00, 0x80, 0x1b, 0x06, 0x00, 0x3f, 0xff, 0xf8, 0x01, 0x00, 0x00, 0x00, 0x00, 0xc0,
    0x19, 0x04, 0x00, 0x00, 0x01, 0xf8, 0x07, 0x00, 0x00, 0x00, 0x00, 0xc0, 0x19, 0x04, 0x00, 0x00, 0x00, 0xf8, 0x0f, 0x80, 0x00, 0x00, 0x00, 0x40,
    0x10, 0xf8, 0x00, 0x00, 0x00, 0xf8, 0x1f, 0x80, 0x00, 0x00, 0x00, 0x40, 0x18, 0x70, 0x00, 0x00, 0x00, 0x78, 0x0f, 0x00, 0x00, 0x00, 0x00, 0x40,
    0x18, 0x00, 0x20, 0x00, 0x00, 0x30, 0x04, 0x00, 0x00, 0x00, 0x00, 0x40, 0x14, 0x00, 0x60, 0x00, 0x00, 0x20, 0x00, 0x00, 0x00, 0x00, 0x00, 0x40,
    0x14, 0x00, 0xc0, 0x00, 0x00, 0x04, 0x00, 0x00, 0x00, 0x00, 0x00, 0x40, 0x1b, 0x01, 0x80, 0x00, 0x00, 0x0c, 0x00, 0x00, 0x00, 0x00, 0x00, 0x40,
    0x09, 0xcf, 0x02, 0x00, 0x00, 0x1e, 0x00, 0x00, 0x00, 0x00, 0x00, 0x40, 0x0c, 0xfe, 0x02, 0x00, 0x00, 0x3f, 0x00, 0x00, 0x00, 0x00, 0x00, 0x40,
    0x04, 0x00, 0x04, 0x00, 0x00, 0x7f, 0x80, 0x00, 0x00, 0x00, 0x00, 0x40, 0x02, 0x00, 0x04, 0x00, 0x03, 0xff, 0xe0, 0x00, 0x00, 0x00, 0x00, 0x40,
    0x01, 0x80, 0x0c, 0x00, 0x03, 0xff, 0xf0, 0x00, 0x00, 0x00, 0x00, 0x40, 0x00, 0xe0, 0x18, 0x00, 0x01, 0xff, 0xf0, 0x00, 0x01, 0x80, 0x00, 0xc0,
    0x00, 0x3b, 0xf0, 0x00, 0x00, 0xff, 0xe2, 0x60, 0xf8, 0x60, 0x00, 0xc0, 0x00, 0x09, 0xe0, 0x00, 0x00, 0xff, 0x87, 0xc7, 0xff, 0x18, 0x00, 0x80,
    0x00, 0x0c, 0x00, 0x80, 0x00, 0x7f, 0x1f, 0x0f, 0xff, 0xcc, 0x01, 0x80, 0x00, 0x04, 0x01, 0x80, 0x00, 0x78, 0x7e, 0x3f, 0xff, 0xf4, 0x01, 0x00,
    0x00, 0x06, 0x03, 0x00, 0x00, 0x21, 0xfc, 0x7f, 0xff, 0xfa, 0x03, 0x00, 0x00, 0x01, 0xff, 0x00, 0x00, 0x03, 0xfc, 0xff, 0xff, 0xfb, 0x06, 0x00,
    0x00, 0x00, 0x7a, 0x00, 0x00, 0x3f, 0xf9, 0xff, 0xff, 0xfd, 0x0c, 0x00, 0x00, 0x00, 0x06, 0x00, 0x02, 0x7f, 0xb3, 0xff, 0xff, 0xfd, 0x98, 0x00,
    0x00, 0x00, 0x04, 0x00, 0x04, 0x7f, 0x73, 0xff, 0xff, 0xfe, 0xb0, 0x00, 0x00, 0x00, 0x08, 0x00, 0x08, 0xfe, 0x67, 0xff, 0xff, 0xfe, 0xa0, 0x00,
    0x00, 0x00, 0x18, 0x01, 0xc9, 0xfe, 0xe7, 0xff, 0xff, 0xfe, 0xa0, 0x00, 0x00, 0x00, 0x1f, 0xff, 0xff, 0xff, 0xff, 0xff, 0xff, 0xff, 0xe0, 0x00,
};
const uint8_t kIdle144[2592] = {
    0x00, 0x00, 0x00, 0x00, 0x00, 0x00, 0x00, 0x00, 0x00, 0x00, 0x00, 0x00, 0x00, 0x00, 0x00, 0x00, 0x00, 0x00, 0x00, 0x00, 0x00, 0x00, 0x00, 0x00,
    0x00, 0x00, 0x00, 0x00, 0x00, 0x00, 0x00, 0x00, 0x00, 0x00, 0x00, 0x00, 0x00, 0x00, 0x00, 0x00, 0x00, 0x00, 0x00, 0x00, 0x00, 0x00, 0x00, 0x00,
    0x00, 0x00, 0x00, 0x00, 0x00, 0x00, 0x00, 0x00, 0x00, 0x00, 0x00, 0x00, 0x00, 0x03, 0xff, 0xff, 0x80, 0x00, 0x00, 0x00, 0x00, 0x00, 0x00, 0x00,
    0x00, 0x00, 0x00, 0x00, 0x00, 0x00, 0x00, 0x7f, 0xe0, 0x07, 0xf8, 0x00, 0x00, 0x00, 0x00, 0x00, 0x00, 0x00, 0x00, 0x00, 0x00, 0x00, 0x00, 0x00,
    0x07, 0xf0, 0x00, 0x00, 0x1f, 0x00, 0x00, 0x00, 0x00, 0x00, 0x00, 0x00, 0x00, 0x00, 0x00, 0x00, 0x00, 0x00, 0x3f, 0x80, 0x00, 0x00, 0x03, 0xe0,
    0x00, 0x00, 0x00, 0x00, 0x00, 0x00, 0x00, 0x00, 0x00, 0x00, 0x00, 0x01, 0xff, 0xff, 0xe0, 0x00, 0x00, 0x78, 0x00, 0x00, 0x00, 0x00, 0x00, 0x00,
    0x00, 0x00, 0x00, 0x00, 0x00, 0x07, 0xff, 0xff, 0xfc, 0x00, 0x00, 0x0e, 0x00, 0x00, 0x00, 0x00, 0x00, 0x00, 0x00, 0x00, 0x00, 0x00, 0x00, 0x3f,
    0xff, 0xff, 0xff, 0x00, 0x00, 0x03, 0x80, 0x00, 0x00, 0x00, 0x00, 0x00, 0x00, 0x00, 0x00, 0x00, 0x00, 0xf0, 0x00, 0x1f, 0xff, 0x80, 0x00, 0x00,
    0xe0, 0x00, 0x00, 0x00, 0x00, 0x00, 0x00, 0x00, 0x00, 0x00, 0x03, 0xc0, 0x00, 0x03, 0xff, 0xe0, 0x00, 0x00, 0x70, 0x00, 0x00, 0x00, 0x00, 0x00,
    0x00, 0x00, 0x00, 0x00, 0x0f, 0x00, 0x00, 0x00, 0xff, 0xf0, 0x00, 0x00, 0x18, 0x00, 0x00, 0x00, 0x00, 0x00, 0x00, 0x00, 0x00, 0x00, 0x1c, 0x00,
    0x00, 0x00, 0x3f, 0xf8, 0x00, 0x00, 0x0e, 0x00, 0x00, 0x00, 0x00, 0x00, 0x00, 0x00, 0x00, 0x00, 0x70, 0x00, 0x00, 0x00, 0x1f, 0xfc, 0x00, 0x00,
    0x07, 0x00, 0x00, 0x00, 0x00, 0x00, 0x00, 0x00, 0x00, 0x01, 0xc0, 0x00, 0x00, 0x00, 0x07, 0xfe, 0x00, 0x00, 0x03, 0x80, 0x00, 0x00, 0x00, 0x00,
    0x00, 0x00, 0x00, 0x03, 0x80, 0x00, 0x00, 0x00, 0x03, 0xff, 0x00, 0x00, 0x00, 0xc0, 0x00, 0x00, 0x00, 0x00, 0x00, 0x00, 0x00, 0x06, 0x00, 0x00,
    0x00, 0x00, 0x01, 0xff, 0x80, 0x00, 0x00, 0x60, 0x00, 0x00, 0x00, 0x00, 0x00, 0x00, 0x00, 0x1c, 0x00, 0x00, 0x00, 0x00, 0x00, 0xff, 0xc0, 0x00,
    0x00, 0x30, 0x00, 0x00, 0x00, 0x00, 0x00, 0x00, 0x00, 0x38, 0x00, 0x00, 0x00, 0x00, 0x00, 0x7f, 0xe0, 0x00, 0x00, 0x38, 0x00, 0x00, 0x00, 0x00,
    0x00, 0x00, 0x00, 0x60, 0x00, 0x00, 0x00, 0x00, 0x00, 0x3f, 0xe0, 0x00, 0x00, 0x38, 0x00, 0x00, 0x00, 0x00, 0x00, 0x00, 0x00, 0xc0, 0x00, 0x00,
    0x00, 0x00, 0x00, 0x1f, 0xf0, 0x00, 0x00, 0x2c, 0x00, 0x00, 0x00, 0x00, 0x00, 0x00, 0x03, 0x80, 0x00, 0x00, 0x00, 0x00, 0x11, 0x1f, 0xf8, 0x00,
    0x04, 0x36, 0x00, 0x00, 0x00, 0x00, 0x00, 0x00, 0x07, 0x00, 0x00, 0x00, 0x00, 0x00, 0x1b, 0x8f, 0xf8, 0x00, 0x02, 0x3e, 0x00, 0x00, 0x00, 0x00,
    0x00, 0x00, 0x0e, 0x00, 0x00, 0x00, 0x00, 0x18, 0x7f, 0xc7, 0xfc, 0x00, 0x01, 0xbf, 0x00, 0x00, 0x00, 0x00, 0x00, 0x00, 0x0c, 0x00, 0x08, 0x00,
    0x00, 0x08, 0x7f, 0xe7, 0xfc, 0x00, 0x17, 0xfb, 0x80, 0x00, 0x00, 0x00, 0x00, 0x00, 0x19, 0x00, 0x18, 0x00, 0x00, 0x0c, 0x7f, 0x23, 0xfe, 0x08,
    0x0f, 0xfb, 0x80, 0x00, 0x00, 0x00, 0x00, 0x00, 0x32, 0x00, 0x10, 0x00, 0x00, 0x0e, 0xff, 0x33, 0xfe, 0x0c, 0x0f, 0xf1, 0xc0, 0x00, 0x00, 0x00,
    0x00, 0x00, 0x66, 0x00, 0x30, 0x00, 0x00, 0x0e, 0xff, 0x11, 0xff, 0x06, 0x0f, 0xf0, 0xc0, 0x00, 0x00, 0x00, 0x00, 0x00, 0x6c, 0x80, 0x60, 0x10,
    0x00, 0x1f, 0x7f, 0x0f, 0xff, 0x7f, 0xff, 0xf0, 0xe0, 0x00, 0x00, 0x00, 0x00, 0x00, 0xd9, 0x00, 0x60, 0x17, 0xf0, 0x3f, 0x7d, 0x0f, 0xff, 0xfe,
    0x7f, 0xd8, 0x60, 0x00, 0x00, 0x00, 0x00, 0x01, 0xbf, 0x44, 0xd0, 0x17, 0xf1, 0xff, 0x80, 0x03, 0xff, 0x8f, 0x19, 0x48, 0x70, 0x00, 0x00, 0x00,
    0x00, 0x01, 0xff, 0x88, 0xfc, 0x37, 0xf7, 0xff, 0x80, 0x00, 0xff, 0x87, 0x01, 0x40, 0x30, 0x00, 0x00, 0x00, 0x00, 0x03, 0x7f, 0xf9, 0xff, 0xf3,
    0xff, 0xff, 0xc0, 0x00, 0x7f, 0xc3, 0x80, 0xa0, 0x30, 0x00, 0x00, 0x00, 0x00, 0x03, 0xff, 0xf7, 0xbf, 0xf3, 0xff, 0xff, 0xc0, 0x00, 0x7f, 0xc0,
    0x80, 0x80, 0x38, 0x00, 0x00, 0x00, 0x00, 0x06, 0xff, 0xff, 0xbf, 0xb8, 0x0b, 0xff, 0xa0, 0x00, 0x7f, 0xc0, 0x40, 0x50, 0x18, 0x00, 0x00, 0x00,
    0x00, 0x06, 0xff, 0xf9, 0x10, 0x08, 0x00, 0x6a, 0x80, 0x00, 0x3f, 0xe0, 0x40, 0x40, 0x1c, 0x00, 0x00, 0x00, 0x00, 0x04, 0xff, 0xf1, 0x00, 0x00,
    0x00, 0x02, 0x00, 0x00, 0x3f, 0xe0, 0x20, 0x00, 0x0c, 0x00, 0x00, 0x00, 0x00, 0x0c, 0x89, 0x81, 0x00, 0x00, 0x00, 0x00, 0x00, 0x00, 0x3f, 0xe0,
    0x20, 0x00, 0x0c, 0x00, 0x00, 0x00, 0x00, 0x0c, 0x88, 0x80, 0x00, 0x00, 0x00, 0x00, 0x00, 0x00, 0x3f, 0x20, 0x00, 0x00, 0x06, 0x00, 0x00, 0x00,
    0x00, 0x19, 0x00, 0x00, 0x00, 0x00, 0x00, 0x00, 0x00, 0x00, 0x10, 0x10, 0x10, 0x00, 0x06, 0x00, 0x00, 0x00, 0x00, 0x19, 0x00, 0x00, 0x00, 0x02,
    0x00, 0x00, 0x00, 0x00, 0x10, 0x10, 0x10, 0x00, 0x06, 0x00, 0x00, 0x00, 0x00, 0x18, 0x00, 0x00, 0x00, 0x02, 0x00, 0x00, 0x00, 0x00, 0x10, 0x60,
    0x08, 0x00, 0x03, 0x00, 0x00, 0x00, 0x00, 0x10, 0x00, 0x00, 0x00, 0x02, 0x00, 0x00, 0x00, 0x00, 0x1c, 0x40, 0x08, 0x00, 0x03, 0x00, 0x00, 0x00,
    0x00, 0x30, 0x00, 0x00, 0x00, 0x01, 0x00, 0x00, 0x00, 0x00, 0x04, 0x60, 0x00, 0x00, 0x03, 0x00, 0x00, 0x00, 0x00, 0x30, 0x00, 0x00, 0x00, 0x01,
    0x00, 0x00, 0x00, 0x00, 0x04, 0x38, 0x04, 0x00, 0x01, 0x80, 0x00, 0x00, 0x00, 0x30, 0x00, 0x00, 0x00, 0x01, 0x80, 0x00, 0x00, 0x00, 0x08, 0x0c,
    0x04, 0x00, 0x01, 0x80, 0x00, 0x00, 0x00, 0x30, 0x00, 0x00, 0x00, 0x00, 0x80, 0x00, 0x00, 0x00, 0x18, 0x02, 0x02, 0x00, 0x01, 0x80, 0x00, 0x00,
    0x00, 0x20, 0x00, 0x00, 0x00, 0x00, 0xc0, 0x00, 0x00, 0x00, 0x10, 0x00, 0x02, 0x00, 0x01, 0x80, 0x00, 0x00, 0x00, 0x20, 0x00, 0x00, 0x00, 0x00,
    0xc0, 0x00, 0x00, 0x00, 0x00, 0x00, 0x02, 0x00, 0x00, 0x80, 0x00, 0x00, 0x00, 0x20, 0x00, 0x00, 0x00, 0x00, 0x60, 0x00, 0x00, 0x00, 0x00, 0x00,
    0x01, 0x00, 0x00, 0xc0, 0x00, 0x00, 0x00, 0x20, 0x00, 0x00, 0x40, 0x00, 0x60, 0x00, 0x00, 0x00, 0x00, 0x00, 0x01, 0x00, 0x00, 0xc0, 0x00, 0x00,
    0x00, 0x20, 0x00, 0x00, 0x40, 0x00, 0x70, 0x00, 0x00, 0x00, 0x00, 0x00, 0x01, 0x00, 0x00, 0xc0, 0x00, 0x00, 0x00, 0x20, 0x00, 0x00, 0x20, 0x00,
    0x30, 0x00, 0x00, 0x00, 0x00, 0x00, 0x01, 0x00, 0x00, 0xc0, 0x00, 0x00, 0x00, 0x20, 0x00, 0x00, 0x30, 0x00, 0x10, 0x00, 0x00, 0x00, 0x00, 0x00,
    0x00, 0x80, 0x00, 0x40, 0x00, 0x00, 0x00, 0x30, 0x00, 0x00, 0x18, 0x00, 0x0c, 0x00, 0x00, 0x00, 0x00, 0x00, 0x00, 0x80, 0x00, 0x60, 0x00, 0x00,
    0x00, 0x30, 0x00, 0x00, 0x1c, 0x08, 0x7c, 0x00, 0x20, 0x00, 0x00, 0x00, 0x00, 0x80, 0x00, 0x60, 0x00, 0x00, 0x00, 0x30, 0x00, 0x00, 0x0f, 0xf1,
    0xff, 0xff, 0xf8, 0x00, 0x00, 0x00, 0x00, 0x40, 0x00, 0x60, 0x00, 0x00, 0x00, 0x10, 0x00, 0x00, 0x7f, 0xe7, 0x9f, 0xff, 0xff, 0x00, 0x00, 0x00,
    0x00, 0x40, 0x00, 0x60, 0x00, 0x00, 0x00, 0x18, 0x00, 0x01, 0xff, 0xee, 0x01, 0xff, 0xff, 0x00, 0x00, 0x00, 0x00, 0x40, 0x00, 0x20, 0x00, 0x00,
    0x00, 0x18, 0x00, 0x00, 0xff, 0xfc, 0x00, 0x7f, 0xff, 0x00, 0x00, 0x00, 0x00, 0x20, 0x00, 0x20, 0x00, 0x00, 0x00, 0x0c, 0x00, 0x1f, 0xff, 0xfe,
    0x00, 0x1f, 0xff, 0x00, 0x00, 0x00, 0x00, 0x20, 0x00, 0x30, 0x00, 0x00, 0x00, 0x0c, 0x08, 0x1f, 0xff, 0xfe, 0xc0, 0x0f, 0xff, 0x00, 0x00, 0x78,
    0x00, 0x20, 0x00, 0x30, 0x00, 0x00, 0x00, 0x06, 0x08, 0x0f, 0xff, 0xfc, 0x80, 0x43, 0xff, 0x00, 0x01, 0xfe, 0x00, 0x20, 0x00, 0x30, 0x00, 0x00,
    0x00, 0x03, 0x04, 0x00, 0x7f, 0xff, 0xc0, 0xe3, 0xff, 0x00, 0x03, 0x87, 0x00, 0x10, 0x00, 0x10, 0x00, 0x00, 0x00, 0x01, 0x86, 0x00, 0x3f, 0xff,
    0xc0, 0xe7, 0xff, 0x00, 0x00, 0x00, 0x00, 0x10, 0x00, 0x18, 0x00, 0x00, 0x00, 0x00, 0xc3, 0x02, 0x1f, 0xff, 0xc0, 0xef, 0xff, 0x00, 0x00, 0x00,
    0x00, 0x10, 0x00, 0x18, 0x00, 0x00, 0x00, 0x00, 0x71, 0x82, 0x1f, 0xff, 0xf3, 0x9f, 0xff, 0x00, 0x00, 0x00, 0x00, 0x08, 0x00, 0x18, 0x00, 0x00,
    0x00, 0x00, 0x3c, 0xc3, 0x1f, 0xff, 0x7e, 0x3f, 0xff, 0x00, 0x00, 0x00, 0x00, 0x08, 0x00, 0x08, 0x00, 0x00, 0x00, 0x00, 0x0f, 0xc3, 0x1f, 0xff,
    0xc0, 0xff, 0xff, 0x00, 0x00, 0x00, 0x00, 0x08, 0x00, 0x0c, 0x00, 0x00, 0x00, 0x00, 0x01, 0xc3, 0x3f, 0xff, 0xff, 0xff, 0xff, 0x00, 0x00, 0x00,
    0x00, 0x04, 0x00, 0x0c, 0x00, 0x00, 0x00, 0x00, 0x00, 0xc1, 0x3f, 0xff, 0xff, 0xff, 0xff, 0x00, 0x00, 0x00, 0x00, 0x04, 0x00, 0x0c, 0x00, 0x00,
    0x00, 0x00, 0x00, 0xc0, 0x7f, 0xff, 0xff, 0xff, 0xff, 0x00, 0x00, 0x00, 0x00, 0x04, 0x00, 0x0c, 0x00, 0x00, 0x00, 0x00, 0x00, 0xc3, 0xff, 0xff,
    0xff, 0xff, 0xff, 0x00, 0x00, 0x00, 0x00, 0x00, 0x00, 0x04, 0x00, 0x00, 0x00, 0x00, 0x00, 0xc3, 0xff, 0xff, 0xff, 0xff, 0xff, 0x00, 0x00, 0x00,
    0x00, 0x02, 0x00, 0x06, 0x00, 0x00, 0x00, 0x00, 0x00, 0xc3, 0xff, 0xff, 0xff, 0xff, 0xfe, 0x00, 0x00, 0x00, 0x00, 0x02, 0x00, 0x06, 0x00, 0x00,
    0x00, 0x00, 0x00, 0xc3, 0xff, 0xff, 0xff, 0xff, 0xfe, 0x00, 0x00, 0x00, 0x00, 0x02, 0x00, 0x06, 0x00, 0x00, 0x00, 0x00, 0x00, 0xc5, 0xff, 0xff,
    0xff, 0xff, 0xfe, 0x00, 0x00, 0x00, 0x00, 0x01, 0x00, 0x02, 0x00, 0x00, 0x00, 0x00, 0x00, 0x87, 0xff, 0xff, 0xff, 0xff, 0xfe, 0x00, 0x00, 0x00,
    0x00, 0x01, 0x00, 0x03, 0x00, 0x00, 0x00, 0x00, 0x00, 0x87, 0xff, 0xff, 0xff, 0xff, 0xfe, 0x00, 0x00, 0x00, 0x00, 0x01, 0x00, 0x03, 0x00, 0x00,
    0x00, 0x00, 0x00, 0x87, 0xff, 0xff, 0xff, 0xff, 0xfe, 0x00, 0x00, 0x00, 0x00, 0x01, 0x00, 0x03, 0x00, 0x00, 0x00, 0x00, 0x01, 0x87, 0xbf, 0xff,
    0xff, 0xff, 0xfc, 0x00, 0x00, 0x00, 0x00, 0x00, 0x00, 0x01, 0x00, 0x00, 0x00, 0x00, 0x01, 0x87, 0xff, 0xff, 0xff, 0xff, 0xfc, 0x00, 0x00, 0x00,
    0x00, 0x00, 0x80, 0x01, 0x80, 0x00, 0x00, 0x00, 0x01, 0x87, 0xff, 0xff, 0xff, 0xff, 0xfc, 0x00, 0x00, 0x00, 0x00, 0x00, 0x80, 0x01, 0x80, 0x00,
    0x00, 0x00, 0x01, 0x87, 0xff, 0xff, 0xff, 0xff, 0xfc, 0x00, 0x00, 0x00, 0x00, 0x00, 0x80, 0x01, 0x80, 0x00, 0x00, 0x00, 0x01, 0x87, 0x3f, 0xff,
    0xff, 0xff, 0xfc, 0x00, 0x00, 0x00, 0x00, 0x00, 0x80, 0x00, 0xc0, 0x00, 0x00, 0x00, 0x01, 0x83, 0x9f, 0xff, 0xff, 0xff, 0xf8, 0x00, 0x00, 0x00,
    0x00, 0x00, 0x00, 0x00, 0xc0, 0x00, 0x00, 0x00, 0x01, 0x83, 0x88, 0xff, 0xff, 0xff, 0xf8, 0x00, 0x00, 0x00, 0x00, 0x00, 0x00, 0x00, 0xc0, 0x00,
    0x00, 0x00, 0x01, 0x03, 0xc0, 0x3f, 0xff, 0xff, 0xf8, 0x00, 0x00, 0x00, 0x00, 0x00, 0x00, 0x00, 0x40, 0x00, 0x00, 0x00, 0x01, 0x01, 0xcf, 0x0f,
    0xff, 0xff, 0xf8, 0x00, 0x20, 0x00, 0x00, 0x00, 0x00, 0x00, 0x60, 0x00, 0x00, 0x00, 0x03, 0x01, 0xdf, 0xff, 0xff, 0xff, 0xf8, 0x00, 0x20, 0x00,
    0x00, 0x00, 0x00, 0x00, 0x60, 0x00, 0x00, 0x00, 0x03, 0x00, 0xff, 0xff, 0xff, 0xff, 0xf8, 0x00, 0x60, 0x00, 0x00, 0x00, 0x00, 0x00, 0x60, 0x00,
    0x00, 0x00, 0x03, 0x00, 0xe7, 0xff, 0xff, 0xff, 0xf0, 0x00, 0x60, 0x00, 0x00, 0x00, 0x00, 0x00, 0x20, 0x00, 0x00, 0x00, 0x03, 0x00, 0xf7, 0xff,
    0xff, 0xff, 0xf0, 0x00, 0x60, 0x00, 0x00, 0x00, 0x00, 0x00, 0x30, 0x00, 0x00, 0x00, 0x03, 0x00, 0x7f, 0xff, 0xff, 0xff, 0xf0, 0x00, 0xe0, 0x00,
    0x00, 0x00, 0x00, 0x00, 0x30, 0x00, 0x00, 0x30, 0x03, 0x00, 0x3f, 0xff, 0xff, 0xff, 0xf0, 0x00, 0xe0, 0x00, 0x00, 0x00, 0x00, 0x00, 0x30, 0x00,
    0x00, 0x78, 0x02, 0x00, 0x3f, 0xff, 0xff, 0xff, 0xf0, 0x00, 0xe0, 0x00, 0x00, 0x00, 0x00, 0x00, 0x18, 0x00, 0x00, 0xf0, 0x02, 0x00, 0x1f, 0xff,
    0xff, 0xff, 0xf0, 0x01, 0xe0, 0x00, 0x00, 0x00, 0x00, 0x00, 0x18, 0x00, 0x01, 0xb0, 0x06, 0x00, 0x1f, 0xff, 0xff, 0xff, 0xf0, 0x01, 0xe0, 0x00,
    0x00, 0x00, 0x00, 0x40, 0x18, 0x00, 0x01, 0x30, 0x06, 0x00, 0x0f, 0xff, 0xff, 0xff, 0xe0, 0x01, 0xe0, 0x00, 0x00, 0x00, 0x00, 0x40, 0x18, 0x00,
    0x03, 0x20, 0x06, 0x00, 0x0f, 0xff, 0xff, 0xff, 0xe0, 0x03, 0xc0, 0x00, 0x00, 0x00, 0x00, 0x40, 0x08, 0x00, 0x03, 0x60, 0x06, 0x00, 0x07, 0xff,
    0xff, 0xff, 0xe0, 0x03, 0x00, 0x00, 0x00, 0x00, 0x00, 0x40, 0x0c, 0x00, 0x06, 0x60, 0x04, 0x00, 0x07, 0xff, 0xff, 0xff, 0xe0, 0x00, 0x00, 0x00,
    0x00, 0x00, 0x00, 0x00, 0x0c, 0x00, 0x06, 0x60, 0x0c, 0x00, 0x03, 0xff, 0xff, 0xff, 0xe0, 0x00, 0x10, 0x00, 0x00, 0x00, 0x00, 0x20, 0x0c, 0x00,
    0x06, 0x20, 0x0c, 0x00, 0x01, 0xff, 0xf8, 0xff, 0xe0, 0x00, 0x30, 0x00, 0x00, 0x00, 0x00, 0x20, 0x04, 0x00, 0x06, 0x30, 0x0c, 0x00, 0x00, 0x18,
    0x00, 0x3f, 0xe0, 0x00, 0xf0, 0x00, 0x00, 0x00, 0x00, 0x20, 0x04, 0x00, 0x06, 0x30, 0x18, 0x00, 0x00, 0x00, 0x00, 0x1f, 0xe0, 0x03, 0xf8, 0x00,
    0x00, 0x00, 0x00, 0x20, 0x06, 0x00, 0x0e, 0x18, 0x18, 0x00, 0x00, 0x00, 0x00, 0x0f, 0xe0, 0x07, 0xf8, 0x00, 0x00, 0x00, 0x00, 0x20, 0x06, 0x00,
    0x0e, 0x1c, 0x30, 0x00, 0x00, 0x00, 0x00, 0x0f, 0xe0, 0x07, 0xf8, 0x00, 0x00, 0x00, 0x00, 0x20, 0x06, 0x00, 0x0e, 0x07, 0xe0, 0x08, 0x00, 0x00,
    0x00, 0x07, 0xe0, 0x07, 0xf0, 0x00, 0x00, 0x00, 0x00, 0x20, 0x06, 0x00, 0x0e, 0x00, 0x80, 0x08, 0x00, 0x00, 0x00, 0x03, 0xf0, 0x03, 0xe0, 0x00,
    0x00, 0x00, 0x00, 0x20, 0x06, 0x00, 0x0f, 0x00, 0x00, 0x10, 0x00, 0x00, 0x00, 0x01, 0xe0, 0x01, 0xc0, 0x00, 0x00, 0x00, 0x00, 0x00, 0x02, 0x00,
    0x0d, 0x00, 0x00, 0x30, 0x00, 0x00, 0x00, 0x01, 0xc0, 0x00, 0x00, 0x00, 0x00, 0x00, 0x00, 0x00, 0x02, 0x00, 0x0d, 0x80, 0x00, 0x70, 0x00, 0x00,
    0x00, 0x00, 0x80, 0x00, 0x00, 0x00, 0x00, 0x00, 0x00, 0x00, 0x02, 0x00, 0x0c, 0x80, 0x00, 0xe0, 0x00, 0x00, 0x00, 0x00, 0x08, 0x00, 0x00, 0x00,
    0x00, 0x00, 0x00, 0x00, 0x03, 0x00, 0x06, 0xc0, 0x01, 0xc0, 0x20, 0x00, 0x00, 0x00, 0x18, 0x00, 0x00, 0x00, 0x00, 0x00, 0x00, 0x00, 0x03, 0x00,
    0x06, 0x60, 0x07, 0xc0, 0x20, 0x00, 0x00, 0x00, 0x3c, 0x00, 0x00, 0x00, 0x00, 0x00, 0x00, 0x00, 0x03, 0x00, 0x06, 0x3c, 0x1f, 0x80, 0x40, 0x00,
    0x00, 0x00, 0x7c, 0x00, 0x00, 0x00, 0x00, 0x00, 0x00, 0x00, 0x02, 0x00, 0x03, 0x0f, 0xff, 0x00, 0x40, 0x00, 0x00, 0x00, 0xfe, 0x00, 0x00, 0x00,
    0x00, 0x00, 0x00, 0x00, 0x02, 0x00, 0x03, 0x07, 0xfc, 0x00, 0x40, 0x00, 0x00, 0x01, 0xff, 0x00, 0x00, 0x00, 0x00, 0x00, 0x00, 0x00, 0x02, 0x00,
    0x01, 0x80, 0x60, 0x00, 0xc0, 0x00, 0x00, 0x03, 0xff, 0x80, 0x00, 0x00, 0x00, 0x00, 0x00, 0x00, 0x02, 0x00, 0x00, 0xc0, 0x00, 0x00, 0x80, 0x00,
    0x00, 0x1f, 0xff, 0xe0, 0x00, 0x00, 0x00, 0x00, 0x00, 0x00, 0x02, 0x00, 0x00, 0x60, 0x00, 0x01, 0x80, 0x00, 0x00, 0x7f, 0xff, 0xf0, 0x00, 0x00,
    0x00, 0x00, 0x00, 0x00, 0x06, 0x00, 0x00, 0x38, 0x00, 0x03, 0x00, 0x00, 0x00, 0x7f, 0xff, 0xfc, 0x00, 0x00, 0x00, 0x00, 0x00, 0x00, 0x06, 0x00,
    0x00, 0x1e, 0x00, 0x07, 0x00, 0x00, 0x00, 0x3f, 0xff, 0xfe, 0x00, 0x00, 0x00, 0x00, 0x00, 0x00, 0x06, 0x00, 0x00, 0x07, 0x80, 0x1e, 0x00, 0x00,
    0x00, 0x1f, 0xff, 0xfc, 0x00, 0x40, 0x00, 0x3c, 0x00, 0x00, 0x04, 0x00, 0x00, 0x01, 0xe7, 0xfe, 0x00, 0x00, 0x00, 0x1f, 0xff, 0xf8, 0x21, 0x80,
    0x38, 0x07, 0x00, 0x00, 0x0c, 0x00, 0x00, 0x00, 0x77, 0xfc, 0x00, 0x00, 0x00, 0x0f, 0xff, 0xe0, 0xef, 0x03, 0xff, 0xe1, 0xc0, 0x00, 0x0c, 0x00,
    0x00, 0x00, 0x33, 0xf0, 0x00, 0x00, 0x00, 0x07, 0xff, 0xc1, 0x9c, 0x0f, 0xff, 0xf8, 0xe0, 0x00, 0x0c, 0x00, 0x00, 0x00, 0x30, 0x00, 0x08, 0x00,
    0x00, 0x07, 0xff, 0x07, 0x78, 0x3f, 0xff, 0xfe, 0x30, 0x00, 0x18, 0x00, 0x00, 0x00, 0x18, 0x00, 0x18, 0x00, 0x00, 0x03, 0xfc, 0x1f, 0xf0, 0xff,
    0xff, 0xff, 0x98, 0x00, 0x18, 0x00, 0x00, 0x00, 0x18, 0x00, 0x18, 0x00, 0x00, 0x03, 0xf0, 0x7f, 0xe1, 0xff, 0xff, 0xff, 0xcc, 0x00, 0x30, 0x00,
    0x00, 0x00, 0x0e, 0x00, 0x70, 0x00, 0x00, 0x01, 0x80, 0xff, 0xc3, 0xff, 0xff, 0xff, 0xe4, 0x00, 0x30, 0x00, 0x00, 0x00, 0x07, 0x00, 0xf0, 0x00,
    0x00, 0x00, 0x03, 0xff, 0x87, 0xff, 0xff, 0xff, 0xe6, 0x00, 0x60, 0x00, 0x00, 0x00, 0x03, 0xff, 0xf0, 0x00, 0x00, 0x00, 0x0f, 0xff, 0x0f, 0xff,
    0xff, 0xff, 0xf3, 0x00, 0xc0, 0x00, 0x00, 0x00, 0x00, 0x7e, 0x60, 0x00, 0x00, 0x00, 0x9f, 0xfe, 0x1f, 0xff, 0xff, 0xff, 0xfb, 0x03, 0x80, 0x00,
    0x00, 0x00, 0x00, 0x00, 0x60, 0x00, 0x00, 0x21, 0xff, 0xde, 0x3f, 0xff, 0xff, 0xff, 0xf9, 0x07, 0x00, 0x00, 0x00, 0x00, 0x00, 0x00, 0xc0, 0x00,
    0x00, 0x43, 0xff, 0xdc, 0x3f, 0xff, 0xff, 0xff, 0xfd, 0x8e, 0x00, 0x00, 0x00, 0x00, 0x00, 0x01, 0xc0, 0x00, 0x00, 0xc7, 0xff, 0xbc, 0x7f, 0xff,
    0xff, 0xff, 0xfc, 0x98, 0x00, 0x00, 0x00, 0x00, 0x00, 0x01, 0x80, 0x00, 0x01, 0x8f, 0xff, 0x38, 0xff, 0xff, 0xff, 0xff, 0xfc, 0x98, 0x00, 0x00,
    0x00, 0x00, 0x00, 0x07, 0x00, 0x00, 0x73, 0x1f, 0xfe, 0x78, 0xff, 0xff, 0xff, 0xff, 0xfe, 0x98, 0x00, 0x00, 0x00, 0x00, 0x00, 0x0e, 0x00, 0x01,
    0xe2, 0x3f, 0xfc, 0x78, 0xff, 0xff, 0xff, 0xff, 0xfe, 0xd8, 0x00, 0x00, 0x00, 0x00, 0x00, 0x0f, 0xff, 0xff, 0xff, 0xff, 0xff, 0xff, 0xff, 0xff,
    0xff, 0xff, 0xff, 0xf8, 0x00, 0x00, 0x00, 0x00, 0x00, 0x07, 0xff, 0xff, 0xff, 0xff, 0xff, 0xff, 0xff, 0xff, 0xff, 0xff, 0xff, 0xf0, 0x00, 0x00,
};
const uint8_t kBlink144[2592] = {
    0x00, 0x00, 0x00, 0x00, 0x00, 0x00, 0x00, 0x00, 0x00, 0x00, 0x00, 0x00, 0x00, 0x00, 0x00, 0x00, 0x00, 0x00, 0x00, 0x00, 0x00, 0x00, 0x00, 0x00,
    0x00, 0x00, 0x00, 0x00, 0x00, 0x00, 0x00, 0x00, 0x00, 0x00, 0x00, 0x00, 0x00, 0x00, 0x00, 0x00, 0x00, 0x00, 0x00, 0x00, 0x00, 0x00, 0x00, 0x00,
    0x00, 0x00, 0x00, 0x00, 0x00, 0x00, 0x00, 0x00, 0x00, 0x00, 0x00, 0x00, 0x00, 0x03, 0xff, 0xff, 0x80, 0x00, 0x00, 0x00, 0x00, 0x00, 0x00, 0x00,
    0x00, 0x00, 0x00, 0x00, 0x00, 0x00, 0x00, 0x7f, 0xe0, 0x07, 0xf8, 0x00, 0x00, 0x00, 0x00, 0x00, 0x00, 0x00, 0x00, 0x00, 0x00, 0x00, 0x00, 0x00,
    0x07, 0xf0, 0x00, 0x00, 0x1f, 0x00, 0x00, 0x00, 0x00, 0x00, 0x00, 0x00, 0x00, 0x00, 0x00, 0x00, 0x00, 0x00, 0x3f, 0x80, 0x00, 0x00, 0x03, 0xe0,
    0x00, 0x00, 0x00, 0x00, 0x00, 0x00, 0x00, 0x00, 0x00, 0x00, 0x00, 0x01, 0xff, 0xff, 0xe0, 0x00, 0x00, 0x78, 0x00, 0x00, 0x00, 0x00, 0x00, 0x00,
    0x00, 0x00, 0x00, 0x00, 0x00, 0x07, 0xff, 0xff, 0xfc, 0x00, 0x00, 0x0e, 0x00, 0x00, 0x00, 0x00, 0x00, 0x00, 0x00, 0x00, 0x00, 0x00, 0x00, 0x3f,
    0xff, 0xff, 0xff, 0x00, 0x00, 0x03, 0x80, 0x00, 0x00, 0x00, 0x00, 0x00, 0x00, 0x00, 0x00, 0x00, 0x00, 0xf0, 0x00, 0x1f, 0xff, 0x80, 0x00, 0x00,
    0xe0, 0x00, 0x00, 0x00, 0x00, 0x00, 0x00, 0x00, 0x00, 0x00, 0x03, 0xc0, 0x00, 0x03, 0xff, 0xe0, 0x00, 0x00, 0x70, 0x00, 0x00, 0x00, 0x00, 0x00,
    0x00, 0x00, 0x00, 0x00, 0x0f, 0x00, 0x00, 0x00, 0xff, 0xf0, 0x00, 0x00, 0x18, 0x00, 0x00, 0x00, 0x00, 0x00, 0x00, 0x00, 0x00, 0x00, 0x1c, 0x00,
    0x00, 0x00, 0x3f, 0xf8, 0x00, 0x00, 0x0e, 0x00, 0x00, 0x00, 0x00, 0x00, 0x00, 0x00, 0x00, 0x00, 0x70, 0x00, 0x00, 0x00, 0x1f, 0xfc, 0x00, 0x00,
    0x07, 0x00, 0x00, 0x00, 0x00, 0x00, 0x00, 0x00, 0x00, 0x01, 0xc0, 0x00, 0x00, 0x00, 0x07, 0xfe, 0x00, 0x00, 0x03, 0x80, 0x00, 0x00, 0x00, 0x00,
    0x00, 0x00, 0x00, 0x03, 0x80, 0x00, 0x00, 0x00, 0x03, 0xff, 0x00, 0x00, 0x00, 0xc0, 0x00, 0x00, 0x00, 0x00, 0x00, 0x00, 0x00, 0x06, 0x00, 0x00,
    0x00, 0x00, 0x01, 0xff, 0x80, 0x00, 0x00, 0x60, 0x00, 0x00, 0x00, 0x00, 0x00, 0x00, 0x00, 0x1c, 0x00, 0x00, 0x00, 0x00, 0x00, 0xff, 0xc0, 0x00,
    0x00, 0x30, 0x00, 0x00, 0x00, 0x00, 0x00, 0x00, 0x00, 0x38, 0x00, 0x00, 0x00, 0x00, 0x00, 0x7f, 0xe0, 0x00, 0x00, 0x38, 0x00, 0x00, 0x00, 0x00,
    0x00, 0x00, 0x00, 0x60, 0x00, 0x00, 0x00, 0x00, 0x00, 0x3f, 0xe0, 0x00, 0x00, 0x38, 0x00, 0x00, 0x00, 0x00, 0x00, 0x00, 0x00, 0xc0, 0x00, 0x00,
    0x00, 0x00, 0x00, 0x1f, 0xf0, 0x00, 0x00, 0x2c, 0x00, 0x00, 0x00, 0x00, 0x00, 0x00, 0x03, 0x80, 0x00, 0x00, 0x00, 0x00, 0x11, 0x1f, 0xf8, 0x00,
    0x04, 0x36, 0x00, 0x00, 0x00, 0x00, 0x00, 0x00, 0x07, 0x00, 0x00, 0x00, 0x00, 0x00, 0x1b, 0x8f, 0xf8, 0x00, 0x02, 0x3e, 0x00, 0x00, 0x00, 0x00,
    0x00, 0x00, 0x0e, 0x00, 0x00, 0x00, 0x00, 0x18, 0x7f, 0xc7, 0xfc, 0x00, 0x01, 0xbf, 0x00, 0x00, 0x00, 0x00, 0x00, 0x00, 0x0c, 0x00, 0x08, 0x00,
    0x00, 0x08, 0x7f, 0xe7, 0xfc, 0x00, 0x17, 0xfb, 0x80, 0x00, 0x00, 0x00, 0x00, 0x00, 0x19, 0x00, 0x18, 0x00, 0x00, 0x0c, 0x7f, 0x23, 0xfe, 0x08,
    0x0f, 0xfb, 0x80, 0x00, 0x00, 0x00, 0x00, 0x00, 0x32, 0x00, 0x10, 0x00, 0x00, 0x0e, 0xff, 0x33, 0xfe, 0x0c, 0x0f, 0xf1, 0xc0, 0x00, 0x00, 0x00,
    0x00, 0x00, 0x66, 0x00, 0x30, 0x00, 0x00, 0x0e, 0xff, 0x11, 0xff, 0x06, 0x0f, 0xf0, 0xc0, 0x00, 0x00, 0x00, 0x00, 0x00, 0x6c, 0x80, 0x60, 0x10,
    0x00, 0x1f, 0x7f, 0x0f, 0xff, 0x7f, 0xff, 0xf0, 0xe0, 0x00, 0x00, 0x00, 0x00, 0x00, 0xd9, 0x00, 0x60, 0x17, 0xf0, 0x3f, 0x7d, 0x0f, 0xff, 0xfe,
    0x7f, 0xd8, 0x60, 0x00, 0x00, 0x00, 0x00, 0x01, 0xbf, 0x44, 0xd0, 0x17, 0xf1, 0xff, 0x80, 0x03, 0xff, 0x8f, 0x19, 0x48, 0x70, 0x00, 0x00, 0x00,
    0x00, 0x01, 0xff, 0x88, 0xfc, 0x37, 0xf7, 0xff, 0x80, 0x00, 0xff, 0x87, 0x01, 0x40, 0x30, 0x00, 0x00, 0x00, 0x00, 0x03, 0x7f, 0xf9, 0xff, 0xf3,
    0xff, 0xff, 0xc0, 0x00, 0x7f, 0xc3, 0x80, 0xa0, 0x30, 0x00, 0x00, 0x00, 0x00, 0x03, 0xff, 0xf7, 0xbf, 0xf3, 0xff, 0xff, 0xc0, 0x00, 0x7f, 0xc0,
    0x80, 0x80, 0x38, 0x00, 0x00, 0x00, 0x00, 0x06, 0xff, 0xff, 0xbf, 0xb8, 0x0b, 0xff, 0xa0, 0x00, 0x7f, 0xc0, 0x40, 0x50, 0x18, 0x00, 0x00, 0x00,
    0x00, 0x06, 0xff, 0xf9, 0x10, 0x08, 0x00, 0x6a, 0x80, 0x00, 0x3f, 0xe0, 0x40, 0x40, 0x1c, 0x00, 0x00, 0x00, 0x00, 0x04, 0xff, 0xf1, 0x00, 0x00,
    0x00, 0x02, 0x00, 0x00, 0x3f, 0xe0, 0x20, 0x00, 0x0c, 0x00, 0x00, 0x00, 0x00, 0x0c, 0x89, 0x81, 0x00, 0x00, 0x00, 0x00, 0x00, 0x00, 0x3f, 0xe0,
    0x20, 0x00, 0x0c, 0x00, 0x00, 0x00, 0x00, 0x0c, 0x88, 0x80, 0x00, 0x00, 0x00, 0x00, 0x00, 0x00, 0x3f, 0x20, 0x00, 0x00, 0x06, 0x00, 0x00, 0x00,
    0x00, 0x19, 0x00, 0x00, 0x00, 0x00, 0x00, 0x00, 0x00, 0x00, 0x10, 0x10, 0x10, 0x00, 0x06, 0x00, 0x00, 0x00, 0x00, 0x19, 0x00, 0x00, 0x00, 0x02,
    0x00, 0x00, 0x00, 0x00, 0x10, 0x10, 0x10, 0x00, 0x06, 0x00, 0x00, 0x00, 0x00, 0x18, 0x00, 0x00, 0x00, 0x02, 0x00, 0x00, 0x00, 0x00, 0x10, 0x60,
    0x08, 0x00, 0x03, 0x00, 0x00, 0x00, 0x00, 0x10, 0x00, 0x00, 0x00, 0x02, 0x00, 0x00, 0x00, 0x00, 0x1c, 0x40, 0x08, 0x00, 0x03, 0x00, 0x00, 0x00,
    0x00, 0x30, 0x00, 0x00, 0x00, 0x01, 0x00, 0x00, 0x00, 0x00, 0x04, 0x60, 0x00, 0x00, 0x03, 0x00, 0x00, 0x00, 0x00, 0x30, 0x00, 0x00, 0x00, 0x01,
    0x00, 0x00, 0x00, 0x00, 0x04, 0x38, 0x04, 0x00, 0x01, 0x80, 0x00, 0x00, 0x00, 0x30, 0x00, 0x00, 0x00, 0x01, 0x80, 0x00, 0x00, 0x00, 0x08, 0x0c,
    0x04, 0x00, 0x01, 0x80, 0x00, 0x00, 0x00, 0x30, 0x00, 0x00, 0x00, 0x00, 0x80, 0x00, 0x00, 0x00, 0x18, 0x02, 0x02, 0x00, 0x01, 0x80, 0x00, 0x00,
    0x00, 0x20, 0x00, 0x00, 0x00, 0x00, 0xc0, 0x00, 0x00, 0x00, 0x10, 0x00, 0x02, 0x00, 0x01, 0x80, 0x00, 0x00, 0x00, 0x20, 0x00, 0x00, 0x00, 0x00,
    0xc0, 0x00, 0x00, 0x00, 0x00, 0x00, 0x02, 0x00, 0x00, 0x80, 0x00, 0x00, 0x00, 0x20, 0x00, 0x00, 0x00, 0x00, 0x60, 0x00, 0x00, 0x00, 0x00, 0x00,
    0x01, 0x00, 0x00, 0xc0, 0x00, 0x00, 0x00, 0x20, 0x00, 0x00, 0x40, 0x00, 0x60, 0x00, 0x00, 0x00, 0x00, 0x00, 0x01, 0x00, 0x00, 0xc0, 0x00, 0x00,
    0x00, 0x20, 0x00, 0x00, 0x40, 0x00, 0x70, 0x00, 0x00, 0x00, 0x00, 0x00, 0x01, 0x00, 0x00, 0xc0, 0x00, 0x00, 0x00, 0x20, 0x00, 0x00, 0x20, 0x00,
    0x30, 0x00, 0x00, 0x00, 0x00, 0x00, 0x01, 0x00, 0x00, 0xc0, 0x00, 0x00, 0x00, 0x20, 0x00, 0x00, 0x30, 0x00, 0x10, 0x00, 0x00, 0x00, 0x00, 0x00,
    0x00, 0x80, 0x00, 0x40, 0x00, 0x00, 0x00, 0x30, 0x00, 0x00, 0x18, 0x00, 0x0c, 0x00, 0x00, 0x00, 0x00, 0x00, 0x00, 0x80, 0x00, 0x60, 0x00, 0x00,
    0x00, 0x30, 0x00, 0x00, 0x1c, 0x08, 0x7c, 0x00, 0x20, 0x00, 0x00, 0x00, 0x00, 0x80, 0x00, 0x60, 0x00, 0x00, 0x00, 0x30, 0x00, 0x00, 0x0f, 0xf1,
    0xff, 0xff, 0xf8, 0x00, 0x00, 0x00, 0x00, 0x40, 0x00, 0x60, 0x00, 0x00, 0x00, 0x10, 0x00, 0x00, 0x7f, 0xe7, 0xff, 0xff, 0xff, 0x00, 0x00, 0x00,
    0x00, 0x40, 0x00, 0x60, 0x00, 0x00, 0x00, 0x18, 0x00, 0x01, 0xff, 0xef, 0xff, 0xff, 0xff, 0x00, 0x00, 0x00, 0x00, 0x40, 0x00, 0x20, 0x00, 0x00,
    0x00, 0x18, 0x00, 0x00, 0xff, 0xff, 0xff, 0xff, 0xff, 0x00, 0x00, 0x00, 0x00, 0x20, 0x00, 0x20, 0x00, 0x00, 0x00, 0x0c, 0x00, 0x1f, 0xff, 0xff,
    0xff, 0xff, 0xff, 0x00, 0x00, 0x00, 0x00, 0x20, 0x00, 0x30, 0x00, 0x00, 0x00, 0x0c, 0x08, 0x1f, 0xff, 0xff, 0xff, 0xff, 0xff, 0x00, 0x00, 0x78,
    0x00, 0x20, 0x00, 0x30, 0x00, 0x00, 0x00, 0x06, 0x08, 0x0f, 0xff, 0xfd, 0xff, 0xfc, 0xff, 0x00, 0x01, 0xfe, 0x00, 0x20, 0x00, 0x30, 0x00, 0x00,
    0x00, 0x03, 0x04, 0x03, 0xff, 0xfc, 0x7f, 0xf8, 0xff, 0x00, 0x03, 0x87, 0x00, 0x10, 0x00, 0x10, 0x00, 0x00, 0x00, 0x01, 0x86, 0x03, 0xff, 0xfe,
    0x07, 0x83, 0xff, 0x00, 0x00, 0x00, 0x00, 0x10, 0x00, 0x18, 0x00, 0x00, 0x00, 0x00, 0xc3, 0x03, 0xff, 0xff, 0x80, 0x0f, 0xff, 0x00, 0x00, 0x00,
    0x00, 0x10, 0x00, 0x18, 0x00, 0x00, 0x00, 0x00, 0x71, 0x83, 0xff, 0xff, 0xfc, 0xff, 0xff, 0x00, 0x00, 0x00, 0x00, 0x08, 0x00, 0x18, 0x00, 0x00,
    0x00, 0x00, 0x3c, 0xc0, 0x0f, 0xff, 0xff, 0xff, 0xff, 0x00, 0x00, 0x00, 0x00, 0x08, 0x00, 0x08, 0x00, 0x00, 0x00, 0x00, 0x0f, 0xc3, 0x3f, 0xff,
    0xff, 0xff, 0xff, 0x00, 0x00, 0x00, 0x00, 0x08, 0x00, 0x0c, 0x00, 0x00, 0x00, 0x00, 0x01, 0xc3, 0xff, 0xff, 0xff, 0xff, 0xff, 0x00, 0x00, 0x00,
    0x00, 0x04, 0x00, 0x0c, 0x00, 0x00, 0x00, 0x00, 0x00, 0xc3, 0xff, 0xff, 0xff, 0xff, 0xff, 0x00, 0x00, 0x00, 0x00, 0x04, 0x00, 0x0c, 0x00, 0x00,
    0x00, 0x00, 0x00, 0xc3, 0xff, 0xff, 0xff, 0xff, 0xff, 0x00, 0x00, 0x00, 0x00, 0x04, 0x00, 0x0c, 0x00, 0x00, 0x00, 0x00, 0x00, 0xc3, 0xff, 0xff,
    0xff, 0xff, 0xff, 0x00, 0x00, 0x00, 0x00, 0x00, 0x00, 0x04, 0x00, 0x00, 0x00, 0x00, 0x00, 0xc3, 0xff, 0xff, 0xff, 0xff, 0xff, 0x00, 0x00, 0x00,
    0x00, 0x02, 0x00, 0x06, 0x00, 0x00, 0x00, 0x00, 0x00, 0xc3, 0xff, 0xff, 0xff, 0xff, 0xfe, 0x00, 0x00, 0x00, 0x00, 0x02, 0x00, 0x06, 0x00, 0x00,
    0x00, 0x00, 0x00, 0xc3, 0xff, 0xff, 0xff, 0xff, 0xfe, 0x00, 0x00, 0x00, 0x00, 0x02, 0x00, 0x06, 0x00, 0x00, 0x00, 0x00, 0x00, 0xc5, 0xff, 0xff,
    0xff, 0xff, 0xfe, 0x00, 0x00, 0x00, 0x00, 0x01, 0x00, 0x02, 0x00, 0x00, 0x00, 0x00, 0x00, 0x87, 0xff, 0xff, 0xff, 0xff, 0xfe, 0x00, 0x00, 0x00,
    0x00, 0x01, 0x00, 0x03, 0x00, 0x00, 0x00, 0x00, 0x00, 0x87, 0xff, 0xff, 0xff, 0xff, 0xfe, 0x00, 0x00, 0x00, 0x00, 0x01, 0x00, 0x03, 0x00, 0x00,
    0x00, 0x00, 0x00, 0x87, 0xff, 0xff, 0xff, 0xff, 0xfe, 0x00, 0x00, 0x00, 0x00, 0x01, 0x00, 0x03, 0x00, 0x00, 0x00, 0x00, 0x01, 0x87, 0xbf, 0xff,
    0xff, 0xff, 0xfc, 0x00, 0x00, 0x00, 0x00, 0x00, 0x00, 0x01, 0x00, 0x00, 0x00, 0x00, 0x01, 0x87, 0xff, 0xff, 0xff, 0xff, 0xfc, 0x00, 0x00, 0x00,
    0x00, 0x00, 0x80, 0x01, 0x80, 0x00, 0x00, 0x00, 0x01, 0x87, 0xff, 0xff, 0xff, 0xff, 0xfc, 0x00, 0x00, 0x00, 0x00, 0x00, 0x80, 0x01, 0x80, 0x00,
    0x00, 0x00, 0x01, 0x87, 0xff, 0xff, 0xff, 0xff, 0xfc, 0x00, 0x00, 0x00, 0x00, 0x00, 0x80, 0x01, 0x80, 0x00, 0x00, 0x00, 0x01, 0x87, 0x3f, 0xff,
    0xff, 0xff, 0xfc, 0x00, 0x00, 0x00, 0x00, 0x00, 0x80, 0x00, 0xc0, 0x00, 0x00, 0x00, 0x01, 0x83, 0x9f, 0xff, 0xff, 0xff, 0xf8, 0x00, 0x00, 0x00,
    0x00, 0x00, 0x00, 0x00, 0xc0, 0x00, 0x00, 0x00, 0x01, 0x83, 0x88, 0xff, 0xff, 0xff, 0xf8, 0x00, 0x00, 0x00, 0x00, 0x00, 0x00, 0x00, 0xc0, 0x00,
    0x00, 0x00, 0x01, 0x03, 0xc0, 0x3f, 0xff, 0xff, 0xf8, 0x00, 0x00, 0x00, 0x00, 0x00, 0x00, 0x00, 0x40, 0x00, 0x00, 0x00, 0x01, 0x01, 0xcf, 0x0f,
    0xff, 0xff, 0xf8, 0x00, 0x20, 0x00, 0x00, 0x00, 0x00, 0x00, 0x60, 0x00, 0x00, 0x00, 0x03, 0x01, 0xdf, 0xff, 0xff, 0xff, 0xf8, 0x00, 0x20, 0x00,
    0x00, 0x00, 0x00, 0x00, 0x60, 0x00, 0x00, 0x00, 0x03, 0x00, 0xff, 0xff, 0xff, 0xff, 0xf8, 0x00, 0x60, 0x00, 0x00, 0x00, 0x00, 0x00, 0x60, 0x00,
    0x00, 0x00, 0x03, 0x00, 0xe7, 0xff, 0xff, 0xff, 0xf0, 0x00, 0x60, 0x00, 0x00, 0x00, 0x00, 0x00, 0x20, 0x00, 0x00, 0x00, 0x03, 0x00, 0xf7, 0xff,
    0xff, 0xff, 0xf0, 0x00, 0x60, 0x00, 0x00, 0x00, 0x00, 0x00, 0x30, 0x00, 0x00, 0x00, 0x03, 0x00, 0x7f, 0xff, 0xff, 0xff, 0xf0, 0x00, 0xe0, 0x00,
    0x00, 0x00, 0x00, 0x00, 0x30, 0x00, 0x00, 0x30, 0x03, 0x00, 0x3f, 0xff, 0xff, 0xff, 0xf0, 0x00, 0xe0, 0x00, 0x00, 0x00, 0x00, 0x00, 0x30, 0x00,
    0x00, 0x78, 0x02, 0x00, 0x3f, 0xff, 0xff, 0xff, 0xf0, 0x00, 0xe0, 0x00, 0x00, 0x00, 0x00, 0x00, 0x18, 0x00, 0x00, 0xf0, 0x02, 0x00, 0x1f, 0xff,
    0xff, 0xff, 0xf0, 0x01, 0xe0, 0x00, 0x00, 0x00, 0x00, 0x00, 0x18, 0x00, 0x01, 0xb0, 0x06, 0x00, 0x1f, 0xff, 0xff, 0xff, 0xf0, 0x01, 0xe0, 0x00,
    0x00, 0x00, 0x00, 0x40, 0x18, 0x00, 0x01, 0x30, 0x06, 0x00, 0x0f, 0xff, 0xff, 0xff, 0xe0, 0x01, 0xe0, 0x00, 0x00, 0x00, 0x00, 0x40, 0x18, 0x00,
    0x03, 0x20, 0x06, 0x00, 0x0f, 0xff, 0xff, 0xff, 0xe0, 0x03, 0xc0, 0x00, 0x00, 0x00, 0x00, 0x40, 0x08, 0x00, 0x03, 0x60, 0x06, 0x00, 0x07, 0xff,
    0xff, 0xff, 0xe0, 0x03, 0x00, 0x00, 0x00, 0x00, 0x00, 0x40, 0x0c, 0x00, 0x06, 0x60, 0x04, 0x00, 0x07, 0xff, 0xff, 0xff, 0xe0, 0x00, 0x00, 0x00,
    0x00, 0x00, 0x00, 0x00, 0x0c, 0x00, 0x06, 0x60, 0x0c, 0x00, 0x03, 0xff, 0xff, 0xff, 0xe0, 0x00, 0x10, 0x00, 0x00, 0x00, 0x00, 0x20, 0x0c, 0x00,
    0x06, 0x20, 0x0c, 0x00, 0x01, 0xff, 0xf8, 0xff, 0xe0, 0x00, 0x30, 0x00, 0x00, 0x00, 0x00, 0x20, 0x04, 0x00, 0x06, 0x30, 0x0c, 0x00, 0x00, 0x18,
    0x00, 0x3f, 0xe0, 0x00, 0xf0, 0x00, 0x00, 0x00, 0x00, 0x20, 0x04, 0x00, 0x06, 0x30, 0x18, 0x00, 0x00, 0x00, 0x00, 0x1f, 0xe0, 0x03, 0xf8, 0x00,
    0x00, 0x00, 0x00, 0x20, 0x06, 0x00, 0x0e, 0x18, 0x18, 0x00, 0x00, 0x00, 0x00, 0x0f, 0xe0, 0x07, 0xf8, 0x00, 0x00, 0x00, 0x00, 0x20, 0x06, 0x00,
    0x0e, 0x1c, 0x30, 0x00, 0x00, 0x00, 0x00, 0x0f, 0xe0, 0x07, 0xf8, 0x00, 0x00, 0x00, 0x00, 0x20, 0x06, 0x00, 0x0e, 0x07, 0xe0, 0x08, 0x00, 0x00,
    0x00, 0x07, 0xe0, 0x07, 0xf0, 0x00, 0x00, 0x00, 0x00, 0x20, 0x06, 0x00, 0x0e, 0x00, 0x80, 0x08, 0x00, 0x00, 0x00, 0x03, 0xf0, 0x03, 0xe0, 0x00,
    0x00, 0x00, 0x00, 0x20, 0x06, 0x00, 0x0f, 0x00, 0x00, 0x10, 0x00, 0x00, 0x00, 0x01, 0xe0, 0x01, 0xc0, 0x00, 0x00, 0x00, 0x00, 0x00, 0x02, 0x00,
    0x0d, 0x00, 0x00, 0x30, 0x00, 0x00, 0x00, 0x01, 0xc0, 0x00, 0x00, 0x00, 0x00, 0x00, 0x00, 0x00, 0x02, 0x00, 0x0d, 0x80, 0x00, 0x70, 0x00, 0x00,
    0x00, 0x00, 0x80, 0x00, 0x00, 0x00, 0x00, 0x00, 0x00, 0x00, 0x02, 0x00, 0x0c, 0x80, 0x00, 0xe0, 0x00, 0x00, 0x00, 0x00, 0x08, 0x00, 0x00, 0x00,
    0x00, 0x00, 0x00, 0x00, 0x03, 0x00, 0x06, 0xc0, 0x01, 0xc0, 0x20, 0x00, 0x00, 0x00, 0x18, 0x00, 0x00, 0x00, 0x00, 0x00, 0x00, 0x00, 0x03, 0x00,
    0x06, 0x60, 0x07, 0xc0, 0x20, 0x00, 0x00, 0x00, 0x3c, 0x00, 0x00, 0x00, 0x00, 0x00, 0x00, 0x00, 0x03, 0x00, 0x06, 0x3c, 0x1f, 0x80, 0x40, 0x00,
    0x00, 0x00, 0x7c, 0x00, 0x00, 0x00, 0x00, 0x00, 0x00, 0x00, 0x02, 0x00, 0x03, 0x0f, 0xff, 0x00, 0x40, 0x00, 0x00, 0x00, 0xfe, 0x00, 0x00, 0x00,
    0x00, 0x00, 0x00, 0x00, 0x02, 0x00, 0x03, 0x07, 0xfc, 0x00, 0x40, 0x00, 0x00, 0x01, 0xff, 0x00, 0x00, 0x00, 0x00, 0x00, 0x00, 0x00, 0x02, 0x00,
    0x01, 0x80, 0x60, 0x00, 0xc0, 0x00, 0x00, 0x03, 0xff, 0x80, 0x00, 0x00, 0x00, 0x00, 0x00, 0x00, 0x02, 0x00, 0x00, 0xc0, 0x00, 0x00, 0x80, 0x00,
    0x00, 0x1f, 0xff, 0xe0, 0x00, 0x00, 0x00, 0x00, 0x00, 0x00, 0x02, 0x00, 0x00, 0x60, 0x00, 0x01, 0x80, 0x00, 0x00, 0x7f, 0xff, 0xf0, 0x00, 0x00,
    0x00, 0x00, 0x00, 0x00, 0x06, 0x00, 0x00, 0x38, 0x00, 0x03, 0x00, 0x00, 0x00, 0x7f, 0xff, 0xfc, 0x00, 0x00, 0x00, 0x00, 0x00, 0x00, 0x06, 0x00,
    0x00, 0x1e, 0x00, 0x07, 0x00, 0x00, 0x00, 0x3f, 0xff, 0xfe, 0x00, 0x00, 0x00, 0x00, 0x00, 0x00, 0x06, 0x00, 0x00, 0x07, 0x80, 0x1e, 0x00, 0x00,
    0x00, 0x1f, 0xff, 0xfc, 0x00, 0x40, 0x00, 0x3c, 0x00, 0x00, 0x04, 0x00, 0x00, 0x01, 0xe7, 0xfe, 0x00, 0x00, 0x00, 0x1f, 0xff, 0xf8, 0x21, 0x80,
    0x38, 0x07, 0x00, 0x00, 0x0c, 0x00, 0x00, 0x00, 0x77, 0xfc, 0x00, 0x00, 0x00, 0x0f, 0xff, 0xe0, 0xef, 0x03, 0xff, 0xe1, 0xc0, 0x00, 0x0c, 0x00,
    0x00, 0x00, 0x33, 0xf0, 0x00, 0x00, 0x00, 0x07, 0xff, 0xc1, 0x9c, 0x0f, 0xff, 0xf8, 0xe0, 0x00, 0x0c, 0x00, 0x00, 0x00, 0x30, 0x00, 0x08, 0x00,
    0x00, 0x07, 0xff, 0x07, 0x78, 0x3f, 0xff, 0xfe, 0x30, 0x00, 0x18, 0x00, 0x00, 0x00, 0x18, 0x00, 0x18, 0x00, 0x00, 0x03, 0xfc, 0x1f, 0xf0, 0xff,
    0xff, 0xff, 0x98, 0x00, 0x18, 0x00, 0x00, 0x00, 0x18, 0x00, 0x18, 0x00, 0x00, 0x03, 0xf0, 0x7f, 0xe1, 0xff, 0xff, 0xff, 0xcc, 0x00, 0x30, 0x00,
    0x00, 0x00, 0x0e, 0x00, 0x70, 0x00, 0x00, 0x01, 0x80, 0xff, 0xc3, 0xff, 0xff, 0xff, 0xe4, 0x00, 0x30, 0x00, 0x00, 0x00, 0x07, 0x00, 0xf0, 0x00,
    0x00, 0x00, 0x03, 0xff, 0x87, 0xff, 0xff, 0xff, 0xe6, 0x00, 0x60, 0x00, 0x00, 0x00, 0x03, 0xff, 0xf0, 0x00, 0x00, 0x00, 0x0f, 0xff, 0x0f, 0xff,
    0xff, 0xff, 0xf3, 0x00, 0xc0, 0x00, 0x00, 0x00, 0x00, 0x7e, 0x60, 0x00, 0x00, 0x00, 0x9f, 0xfe, 0x1f, 0xff, 0xff, 0xff, 0xfb, 0x03, 0x80, 0x00,
    0x00, 0x00, 0x00, 0x00, 0x60, 0x00, 0x00, 0x21, 0xff, 0xde, 0x3f, 0xff, 0xff, 0xff, 0xf9, 0x07, 0x00, 0x00, 0x00, 0x00, 0x00, 0x00, 0xc0, 0x00,
    0x00, 0x43, 0xff, 0xdc, 0x3f, 0xff, 0xff, 0xff, 0xfd, 0x8e, 0x00, 0x00, 0x00, 0x00, 0x00, 0x01, 0xc0, 0x00, 0x00, 0xc7, 0xff, 0xbc, 0x7f, 0xff,
    0xff, 0xff, 0xfc, 0x98, 0x00, 0x00, 0x00, 0x00, 0x00, 0x01, 0x80, 0x00, 0x01, 0x8f, 0xff, 0x38, 0xff, 0xff, 0xff, 0xff, 0xfc, 0x98, 0x00, 0x00,
    0x00, 0x00, 0x00, 0x07, 0x00, 0x00, 0x73, 0x1f, 0xfe, 0x78, 0xff, 0xff, 0xff, 0xff, 0xfe, 0x98, 0x00, 0x00, 0x00, 0x00, 0x00, 0x0e, 0x00, 0x01,
    0xe2, 0x3f, 0xfc, 0x78, 0xff, 0xff, 0xff, 0xff, 0xfe, 0xd8, 0x00, 0x00, 0x00, 0x00, 0x00, 0x0f, 0xff, 0xff, 0xff, 0xff, 0xff, 0xff, 0xff, 0xff,
    0xff, 0xff, 0xff, 0xf8, 0x00, 0x00, 0x00, 0x00, 0x00, 0x07, 0xff, 0xff, 0xff, 0xff, 0xff, 0xff, 0xff, 0xff, 0xff, 0xff, 0xff, 0xf0, 0x00, 0x00,
};
const uint8_t kTalk144[2592] = {
    0x00, 0x00, 0x00, 0x00, 0x00, 0x00, 0x00, 0x00, 0x00, 0x00, 0x00, 0x00, 0x00, 0x00, 0x00, 0x00, 0x00, 0x00, 0x00, 0x00, 0x00, 0x00, 0x00, 0x00,
    0x00, 0x00, 0x00, 0x00, 0x00, 0x00, 0x00, 0x00, 0x00, 0x00, 0x00, 0x00, 0x00, 0x00, 0x00, 0x00, 0x00, 0x00, 0x00, 0x00, 0x00, 0x00, 0x00, 0x00,
    0x00, 0x00, 0x00, 0x00, 0x00, 0x00, 0x00, 0x00, 0x00, 0x00, 0x00, 0x00, 0x00, 0x03, 0xff, 0xff, 0x80, 0x00, 0x00, 0x00, 0x00, 0x00, 0x00, 0x00,
    0x00, 0x00, 0x00, 0x00, 0x00, 0x00, 0x00, 0x7f, 0xe0, 0x07, 0xf8, 0x00, 0x00, 0x00, 0x00, 0x00, 0x00, 0x00, 0x00, 0x00, 0x00, 0x00, 0x00, 0x00,
    0x07, 0xf0, 0x00, 0x00, 0x1f, 0x00, 0x00, 0x00, 0x00, 0x00, 0x00, 0x00, 0x00, 0x00, 0x00, 0x00, 0x00, 0x00, 0x3f, 0x80, 0x00, 0x00, 0x03, 0xe0,
    0x00, 0x00, 0x00, 0x00, 0x00, 0x00, 0x00, 0x00, 0x00, 0x00, 0x00, 0x01, 0xff, 0xff, 0xe0, 0x00, 0x00, 0x78, 0x00, 0x00, 0x00, 0x00, 0x00, 0x00,
    0x00, 0x00, 0x00, 0x00, 0x00, 0x07, 0xff, 0xff, 0xfc, 0x00, 0x00, 0x0e, 0x00, 0x00, 0x00, 0x00, 0x00, 0x00, 0x00, 0x00, 0x00, 0x00, 0x00, 0x3f,
    0xff, 0xff, 0xff, 0x00, 0x00, 0x03, 0x80, 0x00, 0x00, 0x00, 0x00, 0x00, 0x00, 0x00, 0x00, 0x00, 0x00, 0xf0, 0x00, 0x1f, 0xff, 0x80, 0x00, 0x00,
    0xe0, 0x00, 0x00, 0x00, 0x00, 0x00, 0x00, 0x00, 0x00, 0x00, 0x03, 0xc0, 0x00, 0x03, 0xff, 0xe0, 0x00, 0x00, 0x70, 0x00, 0x00, 0x00, 0x00, 0x00,
    0x00, 0x00, 0x00, 0x00, 0x0f, 0x00, 0x00, 0x00, 0xff, 0xf0, 0x00, 0x00, 0x18, 0x00, 0x00, 0x00, 0x00, 0x00, 0x00, 0x00, 0x00, 0x00, 0x1c, 0x00,
    0x00, 0x00, 0x3f, 0xf8, 0x00, 0x00, 0x0e, 0x00, 0x00, 0x00, 0x00, 0x00, 0x00, 0x00, 0x00, 0x00, 0x70, 0x00, 0x00, 0x00, 0x1f, 0xfc, 0x00, 0x00,
    0x07, 0x00, 0x00, 0x00, 0x00, 0x00, 0x00, 0x00, 0x00, 0x01, 0xc0, 0x00, 0x00, 0x00, 0x07, 0xfe, 0x00, 0x00, 0x03, 0x80, 0x00, 0x00, 0x00, 0x00,
    0x00, 0x00, 0x00, 0x03, 0x80, 0x00, 0x00, 0x00, 0x03, 0xff, 0x00, 0x00, 0x00, 0xc0, 0x00, 0x00, 0x00, 0x00, 0x00, 0x00, 0x00, 0x06, 0x00, 0x00,
    0x00, 0x00, 0x01, 0xff, 0x80, 0x00, 0x00, 0x60, 0x00, 0x00, 0x00, 0x00, 0x00, 0x00, 0x00, 0x1c, 0x00, 0x00, 0x00, 0x00, 0x00, 0xff, 0xc0, 0x00,
    0x00, 0x30, 0x00, 0x00, 0x00, 0x00, 0x00, 0x00, 0x00, 0x38, 0x00, 0x00, 0x00, 0x00, 0x00, 0x7f, 0xe0, 0x00, 0x00, 0x38, 0x00, 0x00, 0x00, 0x00,
    0x00, 0x00, 0x00, 0x60, 0x00, 0x00, 0x00, 0x00, 0x00, 0x3f, 0xe0, 0x00, 0x00, 0x38, 0x00, 0x00, 0x00, 0x00, 0x00, 0x00, 0x00, 0xc0, 0x00, 0x00,
    0x00, 0x00, 0x00, 0x1f, 0xf0, 0x00, 0x00, 0x2c, 0x00, 0x00, 0x00, 0x00, 0x00, 0x00, 0x03, 0x80, 0x00, 0x00, 0x00, 0x00, 0x11, 0x1f, 0xf8, 0x00,
    0x04, 0x36, 0x00, 0x00, 0x00, 0x00, 0x00, 0x00, 0x07, 0x00, 0x00, 0x00, 0x00, 0x00, 0x1b, 0x8f, 0xf8, 0x00, 0x02, 0x3e, 0x00, 0x00, 0x00, 0x00,
    0x00, 0x00, 0x0e, 0x00, 0x00, 0x00, 0x00, 0x18, 0x7f, 0xc7, 0xfc, 0x00, 0x01, 0xbf, 0x00, 0x00, 0x00, 0x00, 0x00, 0x00, 0x0c, 0x00, 0x08, 0x00,
    0x00, 0x08, 0x7f, 0xe7, 0xfc, 0x00, 0x17, 0xfb, 0x80, 0x00, 0x00, 0x00, 0x00, 0x00, 0x19, 0x00, 0x18, 0x00, 0x00, 0x0c, 0x7f, 0x23, 0xfe, 0x08,
    0x0f, 0xfb, 0x80, 0x00, 0x00, 0x00, 0x00, 0x00, 0x32, 0x00, 0x10, 0x00, 0x00, 0x0e, 0xff, 0x33, 0xfe, 0x0c, 0x0f, 0xf1, 0xc0, 0x00, 0x00, 0x00,
    0x00, 0x00, 0x66, 0x00, 0x30, 0x00, 0x00, 0x0e, 0xff, 0x11, 0xff, 0x06, 0x0f, 0xf0, 0xc0, 0x00, 0x00, 0x00, 0x00, 0x00, 0x6c, 0x80, 0x60, 0x10,
    0x00, 0x1f, 0x7f, 0x0f, 0xff, 0x7f, 0xff, 0xf0, 0xe0, 0x00, 0x00, 0x00, 0x00, 0x00, 0xd9, 0x00, 0x60, 0x17, 0xf0, 0x3f, 0x7d, 0x0f, 0xff, 0xfe,
    0x7f, 0xd8, 0x60, 0x00, 0x00, 0x00, 0x00, 0x01, 0xbf, 0x44, 0xd0, 0x17, 0xf1, 0xff, 0x80, 0x03, 0xff, 0x8f, 0x19, 0x48, 0x70, 0x00, 0x00, 0x00,
    0x00, 0x01, 0xff, 0x88, 0xfc, 0x37, 0xf7, 0xff, 0x80, 0x00, 0xff, 0x87, 0x01, 0x40, 0x30, 0x00, 0x00, 0x00, 0x00, 0x03, 0x7f, 0xf9, 0xff, 0xf3,
    0xff, 0xff, 0xc0, 0x00, 0x7f, 0xc3, 0x80, 0xa0, 0x30, 0x00, 0x00, 0x00, 0x00, 0x03, 0xff, 0xf7, 0xbf, 0xf3, 0xff, 0xff, 0xc0, 0x00, 0x7f, 0xc0,
    0x80, 0x80, 0x38, 0x00, 0x00, 0x00, 0x00, 0x06, 0xff, 0xff, 0xbf, 0xb8, 0x0b, 0xff, 0xa0, 0x00, 0x7f, 0xc0, 0x40, 0x50, 0x18, 0x00, 0x00, 0x00,
    0x00, 0x06, 0xff, 0xf9, 0x10, 0x08, 0x00, 0x6a, 0x80, 0x00, 0x3f, 0xe0, 0x40, 0x40, 0x1c, 0x00, 0x00, 0x00, 0x00, 0x04, 0xff, 0xf1, 0x00, 0x00,
    0x00, 0x02, 0x00, 0x00, 0x3f, 0xe0, 0x20, 0x00, 0x0c, 0x00, 0x00, 0x00, 0x00, 0x0c, 0x89, 0x81, 0x00, 0x00, 0x00, 0x00, 0x00, 0x00, 0x3f, 0xe0,
    0x20, 0x00, 0x0c, 0x00, 0x00, 0x00, 0x00, 0x0c, 0x88, 0x80, 0x00, 0x00, 0x00, 0x00, 0x00, 0x00, 0x3f, 0x20, 0x00, 0x00, 0x06, 0x00, 0x00, 0x00,
    0x00, 0x19, 0x00, 0x00, 0x00, 0x00, 0x00, 0x00, 0x00, 0x00, 0x10, 0x10, 0x10, 0x00, 0x06, 0x00, 0x00, 0x00, 0x00, 0x19, 0x00, 0x00, 0x00, 0x02,
    0x00, 0x00, 0x00, 0x00, 0x10, 0x10, 0x10, 0x00, 0x06, 0x00, 0x00, 0x00, 0x00, 0x18, 0x00, 0x00, 0x00, 0x02, 0x00, 0x00, 0x00, 0x00, 0x10, 0x60,
    0x08, 0x00, 0x03, 0x00, 0x00, 0x00, 0x00, 0x10, 0x00, 0x00, 0x00, 0x02, 0x00, 0x00, 0x00, 0x00, 0x1c, 0x40, 0x08, 0x00, 0x03, 0x00, 0x00, 0x00,
    0x00, 0x30, 0x00, 0x00, 0x00, 0x01, 0x00, 0x00, 0x00, 0x00, 0x04, 0x60, 0x00, 0x00, 0x03, 0x00, 0x00, 0x00, 0x00, 0x30, 0x00, 0x00, 0x00, 0x01,
    0x00, 0x00, 0x00, 0x00, 0x04, 0x38, 0x04, 0x00, 0x01, 0x80, 0x00, 0x00, 0x00, 0x30, 0x00, 0x00, 0x00, 0x01, 0x80, 0x00, 0x00, 0x00, 0x08, 0x0c,
    0x04, 0x00, 0x01, 0x80, 0x00, 0x00, 0x00, 0x30, 0x00, 0x00, 0x00, 0x00, 0x80, 0x00, 0x00, 0x00, 0x18, 0x02, 0x02, 0x00, 0x01, 0x80, 0x00, 0x00,
    0x00, 0x20, 0x00, 0x00, 0x00, 0x00, 0xc0, 0x00, 0x00, 0x00, 0x10, 0x00, 0x02, 0x00, 0x01, 0x80, 0x00, 0x00, 0x00, 0x20, 0x00, 0x00, 0x00, 0x00,
    0xc0, 0x00, 0x00, 0x00, 0x00, 0x00, 0x02, 0x00, 0x00, 0x80, 0x00, 0x00, 0x00, 0x20, 0x00, 0x00, 0x00, 0x00, 0x60, 0x00, 0x00, 0x00, 0x00, 0x00,
    0x01, 0x00, 0x00, 0xc0, 0x00, 0x00, 0x00, 0x20, 0x00, 0x00, 0x40, 0x00, 0x60, 0x00, 0x00, 0x00, 0x00, 0x00, 0x01, 0x00, 0x00, 0xc0, 0x00, 0x00,
    0x00, 0x20, 0x00, 0x00, 0x40, 0x00, 0x70, 0x00, 0x00, 0x00, 0x00, 0x00, 0x01, 0x00, 0x00, 0xc0, 0x00, 0x00, 0x00, 0x20, 0x00, 0x00, 0x20, 0x00,
    0x30, 0x00, 0x00, 0x00, 0x00, 0x00, 0x01, 0x00, 0x00, 0xc0, 0x00, 0x00, 0x00, 0x20, 0x00, 0x00, 0x30, 0x00, 0x10, 0x00, 0x00, 0x00, 0x00, 0x00,
    0x00, 0x80, 0x00, 0x40, 0x00, 0x00, 0x00, 0x30, 0x00, 0x00, 0x18, 0x00, 0x0c, 0x00, 0x00, 0x00, 0x00, 0x00, 0x00, 0x80, 0x00, 0x60, 0x00, 0x00,
    0x00, 0x30, 0x00, 0x00, 0x1c, 0x08, 0x7c, 0x00, 0x20, 0x00, 0x00, 0x00, 0x00, 0x80, 0x00, 0x60, 0x00, 0x00, 0x00, 0x30, 0x00, 0x00, 0x0f, 0xf1,
    0xff, 0xff, 0xf8, 0x00, 0x00, 0x00, 0x00, 0x40, 0x00, 0x60, 0x00, 0x00, 0x00, 0x10, 0x00, 0x00, 0x7f, 0xe7, 0x9f, 0xff, 0xff, 0x00, 0x00, 0x00,
    0x00, 0x40, 0x00, 0x60, 0x00, 0x00, 0x00, 0x18, 0x00, 0x01, 0xff, 0xee, 0x01, 0xff, 0xff, 0x00, 0x00, 0x00, 0x00, 0x40, 0x00, 0x20, 0x00, 0x00,
    0x00, 0x18, 0x00, 0x00, 0xff, 0xfc, 0x00, 0x7f, 0xff, 0x00, 0x00, 0x00, 0x00, 0x20, 0x00, 0x20, 0x00, 0x00, 0x00, 0x0c, 0x00, 0x1f, 0xff, 0xfe,
    0x00, 0x1f, 0xff, 0x00, 0x00, 0x00, 0x00, 0x20, 0x00, 0x30, 0x00, 0x00, 0x00, 0x0c, 0x08, 0x1f, 0xff, 0xfe, 0xc0, 0x0f, 0xff, 0x00, 0x00, 0x78,
    0x00, 0x20, 0x00, 0x30, 0x00, 0x00, 0x00, 0x06, 0x08, 0x0f, 0xff, 0xfc, 0x80, 0x43, 0xff, 0x00, 0x01, 0xfe, 0x00, 0x20, 0x00, 0x30, 0x00, 0x00,
    0x00, 0x03, 0x04, 0x00, 0x7f, 0xff, 0xc0, 0xe3, 0xff, 0x00, 0x03, 0x87, 0x00, 0x10, 0x00, 0x10, 0x00, 0x00, 0x00, 0x01, 0x86, 0x00, 0x3f, 0xff,
    0xc0, 0xe7, 0xff, 0x00, 0x00, 0x00, 0x00, 0x10, 0x00, 0x18, 0x00, 0x00, 0x00, 0x00, 0xc3, 0x02, 0x1f, 0xff, 0xc0, 0xef, 0xff, 0x00, 0x00, 0x00,
    0x00, 0x10, 0x00, 0x18, 0x00, 0x00, 0x00, 0x00, 0x71, 0x82, 0x1f, 0xff, 0xf3, 0x9f, 0xff, 0x00, 0x00, 0x00, 0x00, 0x08, 0x00, 0x18, 0x00, 0x00,
    0x00, 0x00, 0x3c, 0xc3, 0x1f, 0xff, 0x7e, 0x3f, 0xff, 0x00, 0x00, 0x00, 0x00, 0x08, 0x00, 0x08, 0x00, 0x00, 0x00, 0x00, 0x0f, 0xc3, 0x1f, 0xff,
    0xc0, 0xff, 0xff, 0x00, 0x00, 0x00, 0x00, 0x08, 0x00, 0x0c, 0x00, 0x00, 0x00, 0x00, 0x01, 0xc3, 0x3f, 0xff, 0xff, 0xff, 0xff, 0x00, 0x00, 0x00,
    0x00, 0x04, 0x00, 0x0c, 0x00, 0x00, 0x00, 0x00, 0x00, 0xc1, 0x3f, 0xff, 0xff, 0xff, 0xff, 0x00, 0x00, 0x00, 0x00, 0x04, 0x00, 0x0c, 0x00, 0x00,
    0x00, 0x00, 0x00, 0xc0, 0x7f, 0xff, 0xff, 0xff, 0xff, 0x00, 0x00, 0x00, 0x00, 0x04, 0x00, 0x0c, 0x00, 0x00, 0x00, 0x00, 0x00, 0xc3, 0xff, 0xff,
    0xff, 0xff, 0xff, 0x00, 0x00, 0x00, 0x00, 0x00, 0x00, 0x04, 0x00, 0x00, 0x00, 0x00, 0x00, 0xc3, 0xff, 0xff, 0xff, 0xff, 0xff, 0x00, 0x00, 0x00,
    0x00, 0x02, 0x00, 0x06, 0x00, 0x00, 0x00, 0x00, 0x00, 0xc3, 0xff, 0xff, 0xff, 0xff, 0xfe, 0x00, 0x00, 0x00, 0x00, 0x02, 0x00, 0x06, 0x00, 0x00,
    0x00, 0x00, 0x00, 0xc3, 0xff, 0xff, 0xff, 0xff, 0xfe, 0x00, 0x00, 0x00, 0x00, 0x02, 0x00, 0x06, 0x00, 0x00, 0x00, 0x00, 0x00, 0xc5, 0xff, 0xff,
    0xff, 0xff, 0xfe, 0x00, 0x00, 0x00, 0x00, 0x01, 0x00, 0x02, 0x00, 0x00, 0x00, 0x00, 0x00, 0x87, 0xff, 0xff, 0xff, 0xff, 0xfe, 0x00, 0x00, 0x00,
    0x00, 0x01, 0x00, 0x03, 0x00, 0x00, 0x00, 0x00, 0x00, 0x87, 0xff, 0xff, 0xff, 0xff, 0xfe, 0x00, 0x00, 0x00, 0x00, 0x01, 0x00, 0x03, 0x00, 0x00,
    0x00, 0x00, 0x00, 0x87, 0xff, 0xff, 0xff, 0xff, 0xfe, 0x00, 0x00, 0x00, 0x00, 0x01, 0x00, 0x03, 0x00, 0x00, 0x00, 0x00, 0x01, 0x87, 0xbf, 0xff,
    0xff, 0xff, 0xfc, 0x00, 0x00, 0x00, 0x00, 0x00, 0x00, 0x01, 0x00, 0x00, 0x00, 0x00, 0x01, 0x87, 0xff, 0xff, 0xff, 0xff, 0xfc, 0x00, 0x00, 0x00,
    0x00, 0x00, 0x80, 0x01, 0x80, 0x00, 0x00, 0x00, 0x01, 0x87, 0xff, 0xff, 0xff, 0xff, 0xfc, 0x00, 0x00, 0x00, 0x00, 0x00, 0x80, 0x01, 0x80, 0x00,
    0x00, 0x00, 0x01, 0x87, 0xff, 0xff, 0xff, 0xff, 0xfc, 0x00, 0x00, 0x00, 0x00, 0x00, 0x80, 0x01, 0x80, 0x00, 0x00, 0x00, 0x01, 0x87, 0x3f, 0xff,
    0xff, 0xff, 0xfc, 0x00, 0x00, 0x00, 0x00, 0x00, 0x80, 0x00, 0xc0, 0x00, 0x00, 0x00, 0x01, 0x83, 0x9f, 0xff, 0xff, 0xff, 0xf8, 0x00, 0x00, 0x00,
    0x00, 0x00, 0x00, 0x00, 0xc0, 0x00, 0x00, 0x00, 0x01, 0x83, 0x88, 0xff, 0xff, 0xff, 0xf8, 0x00, 0x00, 0x00, 0x00, 0x00, 0x00, 0x00, 0xc0, 0x00,
    0x00, 0x00, 0x01, 0x03, 0xc0, 0x3f, 0xff, 0xff, 0xf8, 0x00, 0x00, 0x00, 0x00, 0x00, 0x00, 0x00, 0x40, 0x00, 0x00, 0x00, 0x01, 0x01, 0xc0, 0x0f,
    0xff, 0xff, 0xf8, 0x00, 0x20, 0x00, 0x00, 0x00, 0x00, 0x00, 0x60, 0x00, 0x00, 0x00, 0x03, 0x01, 0xc0, 0xff, 0xff, 0xff, 0xf8, 0x00, 0x20, 0x00,
    0x00, 0x00, 0x00, 0x00, 0x60, 0x00, 0x00, 0x00, 0x03, 0x00, 0xff, 0xff, 0xff, 0xff, 0xf8, 0x00, 0x60, 0x00, 0x00, 0x00, 0x00, 0x00, 0x60, 0x00,
    0x00, 0x00, 0x03, 0x00, 0xef, 0xff, 0xff, 0xff, 0xf0, 0x00, 0x60, 0x00, 0x00, 0x00, 0x00, 0x00, 0x20, 0x00, 0x00, 0x00, 0x03, 0x00, 0xf7, 0xff,
    0xff, 0xff, 0xf0, 0x00, 0x60, 0x00, 0x00, 0x00, 0x00, 0x00, 0x30, 0x00, 0x00, 0x00, 0x03, 0x00, 0x7f, 0xff, 0xff, 0xff, 0xf0, 0x00, 0xe0, 0x00,
    0x00, 0x00, 0x00, 0x00, 0x30, 0x00, 0x00, 0x30, 0x03, 0x00, 0x3f, 0xff, 0xff, 0xff, 0xf0, 0x00, 0xe0, 0x00, 0x00, 0x00, 0x00, 0x00, 0x30, 0x00,
    0x00, 0x78, 0x02, 0x00, 0x3f, 0xff, 0xff, 0xff, 0xf0, 0x00, 0xe0, 0x00, 0x00, 0x00, 0x00, 0x00, 0x18, 0x00, 0x00, 0xf0, 0x02, 0x00, 0x1f, 0xff,
    0xff, 0xff, 0xf0, 0x01, 0xe0, 0x00, 0x00, 0x00, 0x00, 0x00, 0x18, 0x00, 0x01, 0xb0, 0x06, 0x00, 0x1f, 0xff, 0xff, 0xff, 0xf0, 0x01, 0xe0, 0x00,
    0x00, 0x00, 0x00, 0x40, 0x18, 0x00, 0x01, 0x30, 0x06, 0x00, 0x0f, 0xff, 0xff, 0xff, 0xe0, 0x01, 0xe0, 0x00, 0x00, 0x00, 0x00, 0x40, 0x18, 0x00,
    0x03, 0x20, 0x06, 0x00, 0x0f, 0xff, 0xff, 0xff, 0xe0, 0x03, 0xc0, 0x00, 0x00, 0x00, 0x00, 0x40, 0x08, 0x00, 0x03, 0x60, 0x06, 0x00, 0x07, 0xff,
    0xff, 0xff, 0xe0, 0x03, 0x00, 0x00, 0x00, 0x00, 0x00, 0x40, 0x0c, 0x00, 0x06, 0x60, 0x04, 0x00, 0x07, 0xff, 0xff, 0xff, 0xe0, 0x00, 0x00, 0x00,
    0x00, 0x00, 0x00, 0x00, 0x0c, 0x00, 0x06, 0x60, 0x0c, 0x00, 0x03, 0xff, 0xff, 0xff, 0xe0, 0x00, 0x10, 0x00, 0x00, 0x00, 0x00, 0x20, 0x0c, 0x00,
    0x06, 0x20, 0x0c, 0x00, 0x01, 0xff, 0xf8, 0xff, 0xe0, 0x00, 0x30, 0x00, 0x00, 0x00, 0x00, 0x20, 0x04, 0x00, 0x06, 0x30, 0x0c, 0x00, 0x00, 0x18,
    0x00, 0x3f, 0xe0, 0x00, 0xf0, 0x00, 0x00, 0x00, 0x00, 0x20, 0x04, 0x00, 0x06, 0x30, 0x18, 0x00, 0x00, 0x00, 0x00, 0x1f, 0xe0, 0x03, 0xf8, 0x00,
    0x00, 0x00, 0x00, 0x20, 0x06, 0x00, 0x0e, 0x18, 0x18, 0x00, 0x00, 0x00, 0x00, 0x0f, 0xe0, 0x07, 0xf8, 0x00, 0x00, 0x00, 0x00, 0x20, 0x06, 0x00,
    0x0e, 0x1c, 0x30, 0x00, 0x00, 0x00, 0x00, 0x0f, 0xe0, 0x07, 0xf8, 0x00, 0x00, 0x00, 0x00, 0x20, 0x06, 0x00, 0x0e, 0x07, 0xe0, 0x08, 0x00, 0x00,
    0x00, 0x07, 0xe0, 0x07, 0xf0, 0x00, 0x00, 0x00, 0x00, 0x20, 0x06, 0x00, 0x0e, 0x00, 0x80, 0x08, 0x00, 0x00, 0x00, 0x03, 0xf0, 0x03, 0xe0, 0x00,
    0x00, 0x00, 0x00, 0x20, 0x06, 0x00, 0x0f, 0x00, 0x00, 0x10, 0x00, 0x00, 0x00, 0x01, 0xe0, 0x01, 0xc0, 0x00, 0x00, 0x00, 0x00, 0x00, 0x02, 0x00,
    0x0d, 0x00, 0x00, 0x30, 0x00, 0x00, 0x00, 0x01, 0xc0, 0x00, 0x00, 0x00, 0x00, 0x00, 0x00, 0x00, 0x02, 0x00, 0x0d, 0x80, 0x00, 0x70, 0x00, 0x00,
    0x00, 0x00, 0x80, 0x00, 0x00, 0x00, 0x00, 0x00, 0x00, 0x00, 0x02, 0x00, 0x0c, 0x80, 0x00, 0xe0, 0x00, 0x00, 0x00, 0x00, 0x08, 0x00, 0x00, 0x00,
    0x00, 0x00, 0x00, 0x00, 0x03, 0x00, 0x06, 0xc0, 0x01, 0xc0, 0x20, 0x00, 0x00, 0x00, 0x18, 0x00, 0x00, 0x00, 0x00, 0x00, 0x00, 0x00, 0x03, 0x00,
    0x06, 0x60, 0x07, 0xc0, 0x20, 0x00, 0x00, 0x00, 0x3c, 0x00, 0x00, 0x00, 0x00, 0x00, 0x00, 0x00, 0x03, 0x00, 0x06, 0x3c, 0x1f, 0x80, 0x40, 0x00,
    0x00, 0x00, 0x7c, 0x00, 0x00, 0x00, 0x00, 0x00, 0x00, 0x00, 0x02, 0x00, 0x03, 0x0f, 0xff, 0x00, 0x40, 0x00, 0x00, 0x00, 0xfe, 0x00, 0x00, 0x00,
    0x00, 0x00, 0x00, 0x00, 0x02, 0x00, 0x03, 0x07, 0xfc, 0x00, 0x40, 0x00, 0x00, 0x01, 0xff, 0x00, 0x00, 0x00, 0x00, 0x00, 0x00, 0x00, 0x02, 0x00,
    0x01, 0x80, 0x60, 0x00, 0xc0, 0x00, 0x00, 0x03, 0xff, 0x80, 0x00, 0x00, 0x00, 0x00, 0x00, 0x00, 0x02, 0x00, 0x00, 0xc0, 0x00, 0x00, 0x80, 0x00,
    0x00, 0x1f, 0xff, 0xe0, 0x00, 0x00, 0x00, 0x00, 0x00, 0x00, 0x02, 0x00, 0x00, 0x60, 0x00, 0x01, 0x80, 0x00, 0x00, 0x7f, 0xff, 0xf0, 0x00, 0x00,
    0x00, 0x00, 0x00, 0x00, 0x06, 0x00, 0x00, 0x38, 0x00, 0x03, 0x00, 0x00, 0x00, 0x7f, 0xff, 0xfc, 0x00, 0x00, 0x00, 0x00, 0x00, 0x00, 0x06, 0x00,
    0x00, 0x1e, 0x00, 0x07, 0x00, 0x00, 0x00, 0x3f, 0xff, 0xfe, 0x00, 0x00, 0x00, 0x00, 0x00, 0x00, 0x06, 0x00, 0x00, 0x07, 0x80, 0x1e, 0x00, 0x00,
    0x00, 0x1f, 0xff, 0xfc, 0x00, 0x40, 0x00, 0x3c, 0x00, 0x00, 0x04, 0x00, 0x00, 0x01, 0xe7, 0xfe, 0x00, 0x00, 0x00, 0x1f, 0xff, 0xf8, 0x21, 0x80,
    0x38, 0x07, 0x00, 0x00, 0x0c, 0x00, 0x00, 0x00, 0x77, 0xfc, 0x00, 0x00, 0x00, 0x0f, 0xff, 0xe0, 0xef, 0x03, 0xff, 0xe1, 0xc0, 0x00, 0x0c, 0x00,
    0x00, 0x00, 0x33, 0xf0, 0x00, 0x00, 0x00, 0x07, 0xff, 0xc1, 0x9c, 0x0f, 0xff, 0xf8, 0xe0, 0x00, 0x0c, 0x00, 0x00, 0x00, 0x30, 0x00, 0x08, 0x00,
    0x00, 0x07, 0xff, 0x07, 0x78, 0x3f, 0xff, 0xfe, 0x30, 0x00, 0x18, 0x00, 0x00, 0x00, 0x18, 0x00, 0x18, 0x00, 0x00, 0x03, 0xfc, 0x1f, 0xf0, 0xff,
    0xff, 0xff, 0x98, 0x00, 0x18, 0x00, 0x00, 0x00, 0x18, 0x00, 0x18, 0x00, 0x00, 0x03, 0xf0, 0x7f, 0xe1, 0xff, 0xff, 0xff, 0xcc, 0x00, 0x30, 0x00,
    0x00, 0x00, 0x0e, 0x00, 0x70, 0x00, 0x00, 0x01, 0x80, 0xff, 0xc3, 0xff, 0xff, 0xff, 0xe4, 0x00, 0x30, 0x00, 0x00, 0x00, 0x07, 0x00, 0xf0, 0x00,
    0x00, 0x00, 0x03, 0xff, 0x87, 0xff, 0xff, 0xff, 0xe6, 0x00, 0x60, 0x00, 0x00, 0x00, 0x03, 0xff, 0xf0, 0x00, 0x00, 0x00, 0x0f, 0xff, 0x0f, 0xff,
    0xff, 0xff, 0xf3, 0x00, 0xc0, 0x00, 0x00, 0x00, 0x00, 0x7e, 0x60, 0x00, 0x00, 0x00, 0x9f, 0xfe, 0x1f, 0xff, 0xff, 0xff, 0xfb, 0x03, 0x80, 0x00,
    0x00, 0x00, 0x00, 0x00, 0x60, 0x00, 0x00, 0x21, 0xff, 0xde, 0x3f, 0xff, 0xff, 0xff, 0xf9, 0x07, 0x00, 0x00, 0x00, 0x00, 0x00, 0x00, 0xc0, 0x00,
    0x00, 0x43, 0xff, 0xdc, 0x3f, 0xff, 0xff, 0xff, 0xfd, 0x8e, 0x00, 0x00, 0x00, 0x00, 0x00, 0x01, 0xc0, 0x00, 0x00, 0xc7, 0xff, 0xbc, 0x7f, 0xff,
    0xff, 0xff, 0xfc, 0x98, 0x00, 0x00, 0x00, 0x00, 0x00, 0x01, 0x80, 0x00, 0x01, 0x8f, 0xff, 0x38, 0xff, 0xff, 0xff, 0xff, 0xfc, 0x98, 0x00, 0x00,
    0x00, 0x00, 0x00, 0x07, 0x00, 0x00, 0x73, 0x1f, 0xfe, 0x78, 0xff, 0xff, 0xff, 0xff, 0xfe, 0x98, 0x00, 0x00, 0x00, 0x00, 0x00, 0x0e, 0x00, 0x01,
    0xe2, 0x3f, 0xfc, 0x78, 0xff, 0xff, 0xff, 0xff, 0xfe, 0xd8, 0x00, 0x00, 0x00, 0x00, 0x00, 0x0f, 0xff, 0xff, 0xff, 0xff, 0xff, 0xff, 0xff, 0xff,
    0xff, 0xff, 0xff, 0xf8, 0x00, 0x00, 0x00, 0x00, 0x00, 0x07, 0xff, 0xff, 0xff, 0xff, 0xff, 0xff, 0xff, 0xff, 0xff, 0xff, 0xff, 0xf0, 0x00, 0x00,
};
const uint8_t kIdle192[4608] = {
    0x00, 0x00, 0x00, 0x00, 0x00, 0x00, 0x00, 0x00, 0x00, 0x00, 0x00, 0x00, 0x00, 0x00, 0x00, 0x00, 0x00, 0x00, 0x00, 0x00, 0x00, 0x00, 0x00, 0x00,
    0x00, 0x00, 0x00, 0x00, 0x00, 0x00, 0x00, 0x00, 0x00, 0x00, 0x00, 0x00, 0x00, 0x00, 0x00, 0x00, 0x00, 0x00, 0x00, 0x00, 0x00, 0x00, 0x00, 0x00,
    0x00, 0x00, 0x00, 0x00, 0x00, 0x00, 0x00, 0x00, 0x00, 0x00, 0x00, 0x00, 0x00, 0x00, 0x00, 0x00, 0x00, 0x00, 0x00, 0x00, 0x00, 0x00, 0x00, 0x00,
    0x00, 0x00, 0x00, 0x00, 0x00, 0x00, 0x00, 0x00, 0x00, 0x00, 0x00, 0x0f, 0xf0, 0x00, 0x00, 0x00, 0x00, 0x00, 0x00, 0x00, 0x00, 0x00, 0x00, 0x00,
    0x00, 0x00, 0x00, 0x00, 0x00, 0x00, 0x00, 0x00, 0x00, 0x00, 0x0f, 0xff, 0xff, 0xe0, 0x00, 0x00, 0x00, 0x00, 0x00, 0x00, 0x00, 0x00, 0x00, 0x00,
    0x00, 0x00, 0x00, 0x00, 0x00, 0x00, 0x00, 0x00, 0x00, 0x01, 0xff, 0xfc, 0x1f, 0xff, 0x00, 0x00, 0x00, 0x00, 0x00, 0x00, 0x00, 0x00, 0x00, 0x00,
    0x00, 0x00, 0x00, 0x00, 0x00, 0x00, 0x00, 0x00, 0x00, 0x1f, 0xf8, 0x00, 0x00, 0x1f, 0xe0, 0x00, 0x00, 0x00, 0x00, 0x00, 0x00, 0x00, 0x00, 0x00,
    0x00, 0x00, 0x00, 0x00, 0x00, 0x00, 0x00, 0x00, 0x01, 0xff, 0x00, 0x00, 0x00, 0x01, 0xfc, 0x00, 0x00, 0x00, 0x00, 0x00, 0x00, 0x00, 0x00, 0x00,
    0x00, 0x00, 0x00, 0x00, 0x00, 0x00, 0x00, 0x00, 0x1f, 0xe0, 0x00, 0x00, 0x00, 0x00, 0x3f, 0x80, 0x00, 0x00, 0x00, 0x00, 0x00, 0x00, 0x00, 0x00,
    0x00, 0x00, 0x00, 0x00, 0x00, 0x00, 0x00, 0x00, 0xff, 0x3f, 0xfe, 0x00, 0x00, 0x00, 0x03, 0xe0, 0x00, 0x00, 0x00, 0x00, 0x00, 0x00, 0x00, 0x00,
    0x00, 0x00, 0x00, 0x00, 0x00, 0x00, 0x00, 0x03, 0xf7, 0xff, 0xff, 0xc0, 0x00, 0x00, 0x00, 0xf8, 0x00, 0x00, 0x00, 0x00, 0x00, 0x00, 0x00, 0x00,
    0x00, 0x00, 0x00, 0x00, 0x00, 0x00, 0x00, 0x1f, 0xff, 0xff, 0xff, 0xf8, 0x00, 0x00, 0x00, 0x1e, 0x00, 0x00, 0x00, 0x00, 0x00, 0x00, 0x00, 0x00,
    0x00, 0x00, 0x00, 0x00, 0x00, 0x00, 0x00, 0x7f, 0xff, 0xff, 0xff, 0xfe, 0x00, 0x00, 0x00, 0x07, 0x80, 0x00, 0x00, 0x00, 0x00, 0x00, 0x00, 0x00,
    0x00, 0x00, 0x00, 0x00, 0x00, 0x00, 0x01, 0xf2, 0x00, 0x07, 0xff, 0xff, 0x80, 0x00, 0x00, 0x01, 0xe0, 0x00, 0x00, 0x00, 0x00, 0x00, 0x00, 0x00,
    0x00, 0x00, 0x00, 0x00, 0x00, 0x00, 0x07, 0xc0, 0x00, 0x00, 0x7f, 0xff, 0xe0, 0x00, 0x00, 0x00, 0xf0, 0x00, 0x00, 0x00, 0x00, 0x00, 0x00, 0x00,
    0x00, 0x00, 0x00, 0x00, 0x00, 0x00, 0x1e, 0x00, 0x00, 0x00, 0x1f, 0xff, 0xf0, 0x00, 0x00, 0x00, 0x3c, 0x00, 0x00, 0x00, 0x00, 0x00, 0x00, 0x00,
    0x00, 0x00, 0x00, 0x00, 0x00, 0x00, 0x78, 0x00, 0x00, 0x00, 0x07, 0xff, 0xf8, 0x00, 0x00, 0x00, 0x1e, 0x00, 0x00, 0x00, 0x00, 0x00, 0x00, 0x00,
    0x00, 0x00, 0x00, 0x00, 0x00, 0x01, 0xe0, 0x00, 0x00, 0x00, 0x01, 0xff, 0xfc, 0x00, 0x00, 0x00, 0x07, 0x00, 0x00, 0x00, 0x00, 0x00, 0x00, 0x00,
    0x00, 0x00, 0x00, 0x00, 0x00, 0x07, 0xc0, 0x00, 0x00, 0x00, 0x00, 0x7f, 0xfe, 0x00, 0x00, 0x00, 0x03, 0x80, 0x00, 0x00, 0x00, 0x00, 0x00, 0x00,
    0x00, 0x00, 0x00, 0x00, 0x00, 0x0f, 0x00, 0x00, 0x00, 0x00, 0x00, 0x3f, 0xff, 0x80, 0x00, 0x00, 0x01, 0xe0, 0x00, 0x00, 0x00, 0x00, 0x00, 0x00,
    0x00, 0x00, 0x00, 0x00, 0x00, 0x3c, 0x00, 0x00, 0x00, 0x00, 0x00, 0x1f, 0xff, 0xc0, 0x00, 0x00, 0x00, 0xf0, 0x00, 0x00, 0x00, 0x00, 0x00, 0x00,
    0x00, 0x00, 0x00, 0x00, 0x00, 0x78, 0x00, 0x00, 0x00, 0x00, 0x00, 0x0f, 0xff, 0xc0, 0x00, 0x00, 0x00, 0x38, 0x00, 0x00, 0x00, 0x00, 0x00, 0x00,
    0x00, 0x00, 0x00, 0x00, 0x01, 0xe0, 0x00, 0x00, 0x00, 0x00, 0x00, 0x03, 0xff, 0xe0, 0x00, 0x00, 0x00, 0x1c, 0x00, 0x00, 0x00, 0x00, 0x00, 0x00,
    0x00, 0x00, 0x00, 0x00, 0x03, 0x80, 0x00, 0x00, 0x00, 0x00, 0x00, 0x01, 0xff, 0xf0, 0x00, 0x00, 0x00, 0x0e, 0x00, 0x00, 0x00, 0x00, 0x00, 0x00,
    0x00, 0x00, 0x00, 0x00, 0x0f, 0x00, 0x00, 0x00, 0x00, 0x00, 0x00, 0x00, 0xff, 0xf8, 0x00, 0x00, 0x00, 0x06, 0x00, 0x00, 0x00, 0x00, 0x00, 0x00,
    0x00, 0x00, 0x00, 0x00, 0x1e, 0x00, 0x00, 0x00, 0x00, 0x00, 0x00, 0x00, 0x7f, 0xfc, 0x00, 0x00, 0x00, 0x03, 0x00, 0x00, 0x00, 0x00, 0x00, 0x00,
    0x00, 0x00, 0x00, 0x00, 0x38, 0x00, 0x00, 0x00, 0x00, 0x00, 0x00, 0x00, 0x3f, 0xfe, 0x00, 0x00, 0x00, 0x0b, 0x80, 0x00, 0x00, 0x00, 0x00, 0x00,
    0x00, 0x00, 0x00, 0x00, 0x70, 0x00, 0x00, 0x00, 0x00, 0x00, 0x00, 0x00, 0x1f, 0xfe, 0x00, 0x00, 0x00, 0x05, 0xc0, 0x00, 0x00, 0x00, 0x00, 0x00,
    0x00, 0x00, 0x00, 0x00, 0xe0, 0x00, 0x00, 0x00, 0x00, 0x00, 0x00, 0x00, 0x1f, 0xff, 0x00, 0x00, 0x02, 0x06, 0xe0, 0x00, 0x00, 0x00, 0x00, 0x00,
    0x00, 0x00, 0x00, 0x03, 0xc0, 0x00, 0x00, 0x00, 0x00, 0x00, 0x00, 0x41, 0x0f, 0xff, 0x80, 0x00, 0x01, 0x43, 0x60, 0x00, 0x00, 0x00, 0x00, 0x00,
    0x00, 0x00, 0x00, 0x07, 0x80, 0x00, 0x00, 0x00, 0x00, 0x00, 0x00, 0x63, 0x87, 0xff, 0x80, 0x00, 0x00, 0xa3, 0xf0, 0x00, 0x00, 0x00, 0x00, 0x00,
    0x00, 0x00, 0x00, 0x0e, 0x00, 0x00, 0x00, 0x00, 0x00, 0x01, 0x00, 0x37, 0xc7, 0xff, 0xc0, 0x00, 0x00, 0xd3, 0xb8, 0x00, 0x00, 0x00, 0x00, 0x00,
    0x00, 0x00, 0x00, 0x1c, 0x00, 0x00, 0x00, 0x00, 0x00, 0x01, 0x80, 0x3f, 0xc3, 0xff, 0xc0, 0x00, 0x00, 0x73, 0xd8, 0x00, 0x00, 0x00, 0x00, 0x00,
    0x00, 0x00, 0x00, 0x18, 0x00, 0x00, 0x00, 0x00, 0x00, 0x00, 0x81, 0xff, 0xe1, 0xff, 0xe0, 0x00, 0x08, 0x3b, 0xbc, 0x00, 0x00, 0x00, 0x00, 0x00,
    0x00, 0x00, 0x00, 0x38, 0x80, 0x00, 0x80, 0x00, 0x00, 0x00, 0xc1, 0xff, 0x31, 0xff, 0xe0, 0x10, 0x05, 0xff, 0x9c, 0x00, 0x00, 0x00, 0x00, 0x00,
    0x00, 0x00, 0x00, 0x71, 0x00, 0x01, 0x80, 0x00, 0x00, 0x00, 0xe1, 0xff, 0x10, 0xff, 0xf0, 0x10, 0x07, 0xff, 0x9e, 0x00, 0x00, 0x00, 0x00, 0x00,
    0x00, 0x00, 0x00, 0xe2, 0x00, 0x01, 0x00, 0x00, 0x00, 0x00, 0xf3, 0xff, 0x18, 0xff, 0xf0, 0x18, 0x03, 0xff, 0x8e, 0x00, 0x00, 0x00, 0x00, 0x00,
    0x00, 0x00, 0x01, 0xc6, 0x00, 0x03, 0x00, 0x20, 0x00, 0x00, 0xf7, 0xff, 0x08, 0x7f, 0xf8, 0x18, 0x03, 0xff, 0x8f, 0x00, 0x00, 0x00, 0x00, 0x00,
    0x00, 0x00, 0x01, 0x8c, 0x40, 0x06, 0x00, 0x20, 0x00, 0x02, 0xfb, 0xff, 0x87, 0x7f, 0xf8, 0x1f, 0x87, 0xff, 0x07, 0x00, 0x00, 0x00, 0x00, 0x00,
    0x00, 0x00, 0x03, 0x98, 0x90, 0x86, 0x00, 0x20, 0x00, 0x03, 0xfb, 0xff, 0x07, 0xbf, 0xfd, 0xff, 0xff, 0xff, 0x03, 0x80, 0x00, 0x00, 0x00, 0x00,
    0x00, 0x00, 0x07, 0x31, 0x20, 0x8c, 0x00, 0x6f, 0xc8, 0x03, 0xfd, 0xfb, 0x03, 0xbf, 0xfd, 0xfe, 0x7f, 0xfd, 0x83, 0x80, 0x00, 0x00, 0x00, 0x00,
    0x00, 0x00, 0x06, 0x71, 0x21, 0x1c, 0x08, 0x6f, 0xf8, 0x17, 0xfc, 0x18, 0x03, 0xdf, 0xfe, 0x3e, 0x1e, 0x58, 0x81, 0xc0, 0x00, 0x00, 0x00, 0x00,
    0x00, 0x00, 0x0e, 0xff, 0xc3, 0x1b, 0x88, 0x6f, 0xf8, 0x7f, 0xfe, 0x08, 0x00, 0x5f, 0xfe, 0x0f, 0x00, 0x6c, 0x41, 0xc0, 0x00, 0x00, 0x00, 0x00,
    0x00, 0x00, 0x0d, 0xff, 0x82, 0x3b, 0xf9, 0xef, 0xfd, 0xff, 0xfe, 0x00, 0x00, 0x1f, 0xfe, 0x07, 0x00, 0x24, 0x40, 0xe0, 0x00, 0x00, 0x00, 0x00,
    0x00, 0x00, 0x1d, 0xff, 0xbe, 0x7f, 0xff, 0xe7, 0xfd, 0xff, 0xff, 0x00, 0x00, 0x0f, 0xff, 0x02, 0x80, 0x34, 0x00, 0xe0, 0x00, 0x00, 0x00, 0x00,
    0x00, 0x00, 0x1b, 0xff, 0xf4, 0xf7, 0xff, 0xe7, 0xfd, 0xff, 0xff, 0x00, 0x00, 0x0f, 0xff, 0x02, 0x80, 0x12, 0x20, 0xe0, 0x00, 0x00, 0x00, 0x00,
    0x00, 0x00, 0x3b, 0xff, 0xfd, 0xf7, 0xff, 0xe7, 0xfd, 0xff, 0xff, 0x00, 0x00, 0x0f, 0xff, 0x00, 0x40, 0x1a, 0x00, 0x70, 0x00, 0x00, 0x00, 0x00,
    0x00, 0x00, 0x37, 0xff, 0xef, 0xf7, 0xfc, 0x60, 0x06, 0x7f, 0xb6, 0x80, 0x00, 0x0f, 0xff, 0x80, 0x40, 0x09, 0x00, 0x70, 0x00, 0x00, 0x00, 0x00,
    0x00, 0x00, 0x77, 0xff, 0xfe, 0x63, 0x90, 0x10, 0x02, 0x0c, 0x96, 0x00, 0x00, 0x07, 0xff, 0x80, 0x20, 0x09, 0x00, 0x78, 0x00, 0x00, 0x00, 0x00,
    0x00, 0x00, 0x63, 0xfb, 0xfc, 0x60, 0x00, 0x00, 0x00, 0x04, 0x52, 0x00, 0x00, 0x07, 0xff, 0x80, 0x20, 0x04, 0x00, 0x38, 0x00, 0x00, 0x00, 0x00,
    0x00, 0x00, 0x62, 0x1b, 0xd8, 0x60, 0x00, 0x00, 0x00, 0x00, 0x42, 0x00, 0x00, 0x07, 0xff, 0x80, 0x10, 0x04, 0x80, 0x38, 0x00, 0x00, 0x00, 0x00,
    0x00, 0x00, 0xc6, 0x13, 0xc0, 0x00, 0x00, 0x00, 0x00, 0x00, 0x00, 0x00, 0x00, 0x03, 0xff, 0xc0, 0x10, 0x00, 0x00, 0x3c, 0x00, 0x00, 0x00, 0x00,
    0x00, 0x00, 0xc4, 0x10, 0x80, 0x00, 0x00, 0x00, 0x00, 0x00, 0x00, 0x00, 0x00, 0x03, 0xfe, 0xc0, 0x08, 0x00, 0x00, 0x0c, 0x00, 0x00, 0x00, 0x00,
    0x00, 0x01, 0xc4, 0x20, 0x80, 0x00, 0x00, 0x04, 0x00, 0x00, 0x00, 0x00, 0x00, 0x03, 0x80, 0x40, 0x08, 0x00, 0x00, 0x0e, 0x00, 0x00, 0x00, 0x00,
    0x00, 0x01, 0x88, 0x20, 0x00, 0x00, 0x00, 0x04, 0x00, 0x00, 0x00, 0x00, 0x00, 0x03, 0x00, 0x40, 0x08, 0x00, 0x00, 0x0e, 0x00, 0x00, 0x00, 0x00,
    0x00, 0x01, 0x88, 0x20, 0x00, 0x00, 0x00, 0x04, 0x00, 0x00, 0x00, 0x00, 0x00, 0x03, 0x00, 0x40, 0x04, 0x00, 0x00, 0x06, 0x00, 0x00, 0x00, 0x00,
    0x00, 0x01, 0x88, 0x00, 0x00, 0x00, 0x00, 0x02, 0x00, 0x00, 0x00, 0x00, 0x00, 0x03, 0x01, 0xc0, 0x04, 0x00, 0x00, 0x06, 0x00, 0x00, 0x00, 0x00,
    0x00, 0x03, 0x80, 0x00, 0x00, 0x00, 0x00, 0x02, 0x00, 0x00, 0x00, 0x00, 0x00, 0x01, 0xc1, 0x80, 0x06, 0x00, 0x00, 0x07, 0x00, 0x00, 0x00, 0x00,
    0x00, 0x03, 0x00, 0x00, 0x00, 0x00, 0x00, 0x02, 0x00, 0x00, 0x00, 0x00, 0x00, 0x00, 0xe1, 0x00, 0x02, 0x00, 0x00, 0x03, 0x00, 0x00, 0x00, 0x00,
    0x00, 0x03, 0x00, 0x00, 0x00, 0x00, 0x00, 0x03, 0x00, 0x00, 0x00, 0x00, 0x00, 0x00, 0x61, 0x80, 0x02, 0x00, 0x00, 0x03, 0x00, 0x00, 0x00, 0x00,
    0x00, 0x03, 0x00, 0x00, 0x00, 0x00, 0x00, 0x01, 0x00, 0x00, 0x00, 0x00, 0x00, 0x00, 0x40, 0xe0, 0x01, 0x00, 0x00, 0x03, 0x80, 0x00, 0x00, 0x00,
    0x00, 0x07, 0x00, 0x00, 0x00, 0x00, 0x00, 0x01, 0x80, 0x00, 0x00, 0x00, 0x00, 0x00, 0x40, 0x38, 0x01, 0x00, 0x00, 0x01, 0x80, 0x00, 0x00, 0x00,
    0x00, 0x07, 0x00, 0x00, 0x00, 0x00, 0x00, 0x01, 0x80, 0x00, 0x00, 0x00, 0x00, 0x00, 0x80, 0x0c, 0x01, 0x00, 0x00, 0x01, 0x80, 0x00, 0x00, 0x00,
    0x00, 0x06, 0x00, 0x00, 0x00, 0x00, 0x00, 0x01, 0x80, 0x00, 0x00, 0x00, 0x00, 0x01, 0x80, 0x02, 0x00, 0x80, 0x00, 0x01, 0x80, 0x00, 0x00, 0x00,
    0x00, 0x06, 0x00, 0x00, 0x00, 0x00, 0x00, 0x00, 0xc0, 0x00, 0x00, 0x00, 0x00, 0x03, 0x00, 0x00, 0x00, 0x80, 0x00, 0x01, 0xc0, 0x00, 0x00, 0x00,
    0x00, 0x06, 0x00, 0x00, 0x00, 0x00, 0x00, 0x00, 0xc0, 0x00, 0x00, 0x00, 0x00, 0x02, 0x00, 0x00, 0x00, 0x80, 0x00, 0x01, 0xc0, 0x00, 0x00, 0x00,
    0x00, 0x06, 0x00, 0x00, 0x00, 0x00, 0x00, 0x00, 0xe0, 0x00, 0x00, 0x00, 0x00, 0x00, 0x00, 0x00, 0x00, 0x40, 0x00, 0x00, 0xc0, 0x00, 0x00, 0x00,
    0x00, 0x06, 0x00, 0x00, 0x00, 0x00, 0x00, 0x00, 0x60, 0x00, 0x00, 0x00, 0x00, 0x00, 0x00, 0x00, 0x00, 0x40, 0x00, 0x00, 0xc0, 0x00, 0x00, 0x00,
    0x00, 0x06, 0x00, 0x00, 0x00, 0x08, 0x00, 0x00, 0x70, 0x00, 0x00, 0x00, 0x00, 0x00, 0x00, 0x00, 0x00, 0x40, 0x00, 0x00, 0xc0, 0x00, 0x00, 0x00,
    0x00, 0x06, 0x00, 0x00, 0x00, 0x0c, 0x00, 0x00, 0x38, 0x00, 0x00, 0x00, 0x00, 0x00, 0x00, 0x00, 0x00, 0x60, 0x00, 0x00, 0xe0, 0x00, 0x00, 0x00,
    0x00, 0x06, 0x00, 0x00, 0x00, 0x04, 0x00, 0x00, 0x38, 0x00, 0x00, 0x00, 0x00, 0x00, 0x00, 0x00, 0x00, 0x20, 0x00, 0x00, 0xe0, 0x00, 0x00, 0x00,
    0x00, 0x06, 0x00, 0x00, 0x00, 0x06, 0x00, 0x00, 0x1c, 0x00, 0x00, 0x00, 0x00, 0x00, 0x00, 0x00, 0x00, 0x20, 0x00, 0x00, 0x60, 0x00, 0x00, 0x00,
    0x00, 0x06, 0x00, 0x00, 0x00, 0x03, 0x00, 0x00, 0x1c, 0x00, 0x00, 0x00, 0x00, 0x00, 0x00, 0x00, 0x00, 0x30, 0x00, 0x00, 0x60, 0x00, 0x00, 0x00,
    0x00, 0x06, 0x00, 0x00, 0x00, 0x03, 0x80, 0x00, 0x00, 0x00, 0x01, 0x00, 0x00, 0x00, 0x00, 0x00, 0x00, 0x10, 0x00, 0x00, 0x60, 0x00, 0x00, 0x00,
    0x00, 0x07, 0x00, 0x00, 0x00, 0x01, 0xc0, 0x00, 0x0f, 0x00, 0x01, 0x80, 0x00, 0x00, 0x00, 0x00, 0x00, 0x10, 0x00, 0x00, 0x60, 0x00, 0x00, 0x00,
    0x00, 0x07, 0x00, 0x00, 0x00, 0x01, 0xe0, 0x30, 0x7f, 0x80, 0x01, 0x80, 0x00, 0x00, 0x00, 0x00, 0x00, 0x18, 0x00, 0x00, 0x70, 0x00, 0x00, 0x00,
    0x00, 0x03, 0x00, 0x00, 0x00, 0x00, 0xf3, 0xe1, 0xff, 0xff, 0xff, 0xc0, 0x00, 0x00, 0x00, 0x00, 0x00, 0x08, 0x00, 0x00, 0x30, 0x00, 0x00, 0x00,
    0x00, 0x03, 0x00, 0x00, 0x00, 0x03, 0xff, 0xc7, 0xff, 0xff, 0xff, 0xff, 0x00, 0x00, 0x00, 0x00, 0x00, 0x08, 0x00, 0x00, 0x30, 0x00, 0x00, 0x00,
    0x00, 0x03, 0x80, 0x00, 0x00, 0x3f, 0xff, 0x8e, 0x07, 0xff, 0xff, 0xff, 0x00, 0x00, 0x00, 0x00, 0x00, 0x08, 0x00, 0x00, 0x30, 0x00, 0x00, 0x00,
    0x00, 0x01, 0x80, 0x00, 0x00, 0x7f, 0xff, 0xbc, 0x00, 0x7f, 0xff, 0xff, 0x00, 0x00, 0x00, 0x00, 0x00, 0x0c, 0x00, 0x00, 0x30, 0x00, 0x00, 0x00,
    0x00, 0x01, 0xc0, 0x00, 0x00, 0x3f, 0xff, 0xf8, 0x00, 0x1f, 0xff, 0xff, 0x00, 0x00, 0x00, 0x00, 0x00, 0x04, 0x00, 0x00, 0x38, 0x00, 0x00, 0x00,
    0x00, 0x01, 0xc0, 0x00, 0x07, 0xff, 0xff, 0xfe, 0x00, 0x07, 0xff, 0xff, 0x00, 0x00, 0x00, 0x00, 0x00, 0x04, 0x00, 0x00, 0x18, 0x00, 0x00, 0x00,
    0x00, 0x00, 0xe0, 0x00, 0x0f, 0xcf, 0xff, 0xfc, 0x00, 0x01, 0xff, 0xff, 0x00, 0x00, 0x00, 0x00, 0x00, 0x06, 0x00, 0x00, 0x18, 0x00, 0x00, 0x00,
    0x00, 0x00, 0xe0, 0x10, 0x07, 0xf7, 0xff, 0xfc, 0x40, 0x00, 0xff, 0xff, 0x80, 0x00, 0x03, 0xf0, 0x00, 0x02, 0x00, 0x00, 0x18, 0x00, 0x00, 0x00,
    0x00, 0x00, 0x70, 0x10, 0x07, 0xfb, 0xff, 0xfc, 0xc0, 0x10, 0x1f, 0xff, 0x80, 0x00, 0x0f, 0xfc, 0x00, 0x02, 0x00, 0x00, 0x18, 0x00, 0x00, 0x00,
    0x00, 0x00, 0x38, 0x08, 0x03, 0x1f, 0xff, 0xfd, 0xc0, 0x1c, 0x0f, 0xff, 0x80, 0x00, 0x1f, 0xfe, 0x00, 0x02, 0x00, 0x00, 0x1c, 0x00, 0x00, 0x00,
    0x00, 0x00, 0x1c, 0x0c, 0x00, 0x07, 0xff, 0xff, 0xe0, 0x1e, 0x3f, 0xff, 0x80, 0x00, 0x08, 0x07, 0x00, 0x03, 0x00, 0x00, 0x0c, 0x00, 0x00, 0x00,
    0x00, 0x00, 0x0e, 0x06, 0x00, 0x03, 0xff, 0xff, 0xe0, 0x1e, 0x7f, 0xff, 0x80, 0x00, 0x00, 0x00, 0x00, 0x01, 0x00, 0x00, 0x0c, 0x00, 0x00, 0x00,
    0x00, 0x00, 0x07, 0x07, 0x00, 0x81, 0xff, 0xff, 0xe0, 0x3c, 0xff, 0xff, 0x00, 0x00, 0x00, 0x00, 0x00, 0x01, 0x00, 0x00, 0x0c, 0x00, 0x00, 0x00,
    0x00, 0x00, 0x03, 0xc3, 0x80, 0x81, 0xff, 0xff, 0xf0, 0x79, 0xff, 0xff, 0x00, 0x00, 0x00, 0x00, 0x00, 0x01, 0x80, 0x00, 0x0e, 0x00, 0x00, 0x00,
    0x00, 0x00, 0x01, 0xf1, 0xe0, 0xc1, 0xff, 0xff, 0xfd, 0xf3, 0xff, 0xff, 0x00, 0x00, 0x00, 0x00, 0x00, 0x00, 0x80, 0x00, 0x06, 0x00, 0x00, 0x00,
    0x00, 0x00, 0x00, 0x7c, 0xe0, 0xc1, 0xff, 0xff, 0x3f, 0x87, 0xff, 0xff, 0x00, 0x00, 0x00, 0x00, 0x00, 0x00, 0x80, 0x00, 0x06, 0x00, 0x00, 0x00,
    0x00, 0x00, 0x00, 0x3f, 0xe0, 0xc3, 0xff, 0xff, 0xc0, 0x3f, 0xff, 0xff, 0x00, 0x00, 0x00, 0x00, 0x00, 0x00, 0xc0, 0x00, 0x06, 0x00, 0x00, 0x00,
    0x00, 0x00, 0x00, 0x07, 0xe0, 0xe3, 0xff, 0xff, 0xff, 0xff, 0xff, 0xff, 0x00, 0x00, 0x00, 0x00, 0x00, 0x00, 0x40, 0x00, 0x07, 0x00, 0x00, 0x00,
    0x00, 0x00, 0x00, 0x00, 0xe0, 0xe7, 0xff, 0xff, 0xff, 0xff, 0xff, 0xff, 0x00, 0x00, 0x00, 0x00, 0x00, 0x00, 0x40, 0x00, 0x07, 0x00, 0x00, 0x00,
    0x00, 0x00, 0x00, 0x00, 0x60, 0x67, 0xff, 0xff, 0xff, 0xff, 0xff, 0xff, 0x00, 0x00, 0x00, 0x00, 0x00, 0x00, 0x60, 0x00, 0x03, 0x00, 0x00, 0x00,
    0x00, 0x00, 0x00, 0x00, 0xe0, 0x0f, 0xff, 0xff, 0xff, 0xff, 0xff, 0xff, 0x00, 0x00, 0x00, 0x00, 0x00, 0x00, 0x20, 0x00, 0x03, 0x00, 0x00, 0x00,
    0x00, 0x00, 0x00, 0x00, 0xe1, 0x9f, 0xff, 0xff, 0xff, 0xff, 0xff, 0xff, 0x00, 0x00, 0x00, 0x00, 0x00, 0x00, 0x20, 0x00, 0x03, 0x00, 0x00, 0x00,
    0x00, 0x00, 0x00, 0x00, 0xc1, 0x7f, 0xff, 0xff, 0xff, 0xff, 0xff, 0xff, 0x00, 0x00, 0x00, 0x00, 0x00, 0x00, 0x20, 0x00, 0x03, 0x80, 0x00, 0x00,
    0x00, 0x00, 0x00, 0x00, 0xc0, 0xff, 0xff, 0xff, 0xff, 0xff, 0xff, 0xfe, 0x00, 0x00, 0x00, 0x00, 0x00, 0x00, 0x10, 0x00, 0x01, 0x80, 0x00, 0x00,
    0x00, 0x00, 0x00, 0x00, 0xc0, 0xff, 0xff, 0xff, 0xff, 0xff, 0xff, 0xfe, 0x00, 0x00, 0x00, 0x00, 0x00, 0x00, 0x10, 0x00, 0x01, 0x80, 0x00, 0x00,
    0x00, 0x00, 0x00, 0x00, 0xc0, 0xff, 0xff, 0xff, 0xff, 0xff, 0xff, 0xfe, 0x00, 0x00, 0x00, 0x00, 0x00, 0x00, 0x10, 0x00, 0x01, 0x80, 0x00, 0x00,
    0x00, 0x00, 0x00, 0x00, 0xc1, 0xff, 0xff, 0xff, 0xff, 0xff, 0xff, 0xfe, 0x00, 0x00, 0x00, 0x00, 0x00, 0x00, 0x18, 0x00, 0x01, 0xc0, 0x00, 0x00,
    0x00, 0x00, 0x00, 0x00, 0xc1, 0x7f, 0xff, 0xff, 0xff, 0xff, 0xff, 0xfe, 0x00, 0x00, 0x00, 0x00, 0x00, 0x00, 0x08, 0x00, 0x00, 0xc0, 0x00, 0x00,
    0x00, 0x00, 0x00, 0x00, 0xc1, 0xbf, 0xff, 0xff, 0xff, 0xff, 0xff, 0xfe, 0x00, 0x00, 0x00, 0x00, 0x00, 0x00, 0x08, 0x00, 0x00, 0xc0, 0x00, 0x00,
    0x00, 0x00, 0x00, 0x00, 0xc1, 0xdf, 0xff, 0xff, 0xff, 0xff, 0xff, 0xfc, 0x00, 0x00, 0x00, 0x00, 0x00, 0x00, 0x08, 0x00, 0x00, 0xc0, 0x00, 0x00,
    0x00, 0x00, 0x00, 0x01, 0xc1, 0xef, 0xff, 0xff, 0xff, 0xff, 0xff, 0xfc, 0x00, 0x00, 0x00, 0x00, 0x00, 0x00, 0x08, 0x00, 0x00, 0xe0, 0x00, 0x00,
    0x00, 0x00, 0x00, 0x01, 0xc3, 0xff, 0xff, 0xff, 0xff, 0xff, 0xff, 0xfc, 0x00, 0x00, 0x00, 0x00, 0x00, 0x00, 0x04, 0x00, 0x00, 0x60, 0x00, 0x00,
    0x00, 0x00, 0x00, 0x01, 0xc3, 0xf7, 0xff, 0xff, 0xff, 0xff, 0xff, 0xfc, 0x00, 0x00, 0x00, 0x00, 0x00, 0x00, 0x04, 0x00, 0x00, 0x60, 0x00, 0x00,
    0x00, 0x00, 0x00, 0x01, 0xc1, 0xff, 0xff, 0xff, 0xff, 0xff, 0xff, 0xfc, 0x00, 0x00, 0x00, 0x00, 0x00, 0x00, 0x04, 0x00, 0x00, 0x60, 0x00, 0x00,
    0x00, 0x00, 0x00, 0x01, 0x81, 0xff, 0xff, 0xff, 0xff, 0xff, 0xff, 0xf8, 0x00, 0x00, 0x00, 0x00, 0x00, 0x00, 0x04, 0x00, 0x00, 0x70, 0x00, 0x00,
    0x00, 0x00, 0x00, 0x01, 0x81, 0xf7, 0xff, 0xff, 0xff, 0xff, 0xff, 0xf8, 0x00, 0x00, 0x00, 0x00, 0x00, 0x00, 0x04, 0x00, 0x00, 0x30, 0x00, 0x00,
    0x00, 0x00, 0x00, 0x01, 0x81, 0xf7, 0xff, 0xff, 0xff, 0xff, 0xff, 0xf8, 0x00, 0x00, 0x00, 0x00, 0x00, 0x00, 0x02, 0x00, 0x00, 0x30, 0x00, 0x00,
    0x00, 0x00, 0x00, 0x01, 0x81, 0xe7, 0xff, 0xff, 0xff, 0xff, 0xff, 0xf8, 0x00, 0x00, 0x00, 0x00, 0x00, 0x00, 0x02, 0x00, 0x00, 0x38, 0x00, 0x00,
    0x00, 0x00, 0x00, 0x01, 0x81, 0xe7, 0xff, 0xff, 0xff, 0xff, 0xff, 0xf8, 0x00, 0x00, 0x00, 0x00, 0x00, 0x00, 0x02, 0x00, 0x00, 0x38, 0x00, 0x00,
    0x00, 0x00, 0x00, 0x01, 0x80, 0xf1, 0xff, 0xff, 0xff, 0xff, 0xff, 0xf0, 0x00, 0x00, 0x00, 0x00, 0x00, 0x00, 0x02, 0x00, 0x00, 0x18, 0x00, 0x00,
    0x00, 0x00, 0x00, 0x03, 0x80, 0xf1, 0xc7, 0xff, 0xff, 0xff, 0xff, 0xf0, 0x00, 0x00, 0x00, 0x00, 0x00, 0x00, 0x02, 0x00, 0x00, 0x18, 0x00, 0x00,
    0x00, 0x00, 0x00, 0x03, 0x80, 0xf8, 0x03, 0xff, 0xff, 0xff, 0xff, 0xf0, 0x00, 0x00, 0x00, 0x00, 0x00, 0x00, 0x00, 0x00, 0x00, 0x1c, 0x00, 0x00,
    0x00, 0x00, 0x00, 0x03, 0x80, 0x78, 0x00, 0xff, 0xff, 0xff, 0xff, 0xf0, 0x00, 0x00, 0x00, 0x00, 0x00, 0x00, 0x00, 0x00, 0x00, 0x0c, 0x00, 0x00,
    0x00, 0x00, 0x00, 0x03, 0x00, 0x78, 0xfe, 0x1f, 0xff, 0xff, 0xff, 0xf0, 0x00, 0x04, 0x00, 0x00, 0x00, 0x00, 0x01, 0x00, 0x00, 0x0c, 0x00, 0x00,
    0x00, 0x00, 0x00, 0x03, 0x00, 0x79, 0x7f, 0xff, 0xff, 0xff, 0xff, 0xf0, 0x00, 0x04, 0x00, 0x00, 0x00, 0x00, 0x01, 0x00, 0x00, 0x0c, 0x00, 0x00,
    0x00, 0x00, 0x00, 0x03, 0x00, 0x3b, 0x7f, 0xff, 0xff, 0xff, 0xff, 0xe0, 0x00, 0x04, 0x00, 0x00, 0x00, 0x00, 0x01, 0x00, 0x00, 0x0e, 0x00, 0x00,
    0x00, 0x00, 0x00, 0x03, 0x00, 0x3d, 0xff, 0xff, 0xff, 0xff, 0xff, 0xe0, 0x00, 0x0c, 0x00, 0x00, 0x00, 0x00, 0x00, 0x00, 0x00, 0x06, 0x00, 0x00,
    0x00, 0x00, 0x00, 0x03, 0x00, 0x1e, 0x3f, 0xff, 0xff, 0xff, 0xff, 0xe0, 0x00, 0x0c, 0x00, 0x00, 0x00, 0x00, 0x00, 0x00, 0x00, 0x06, 0x00, 0x00,
    0x00, 0x00, 0x00, 0x03, 0x00, 0x1f, 0x7f, 0xff, 0xff, 0xff, 0xff, 0xe0, 0x00, 0x0c, 0x00, 0x00, 0x00, 0x00, 0x00, 0x00, 0x00, 0x07, 0x00, 0x00,
    0x00, 0x00, 0x00, 0x07, 0x00, 0x0f, 0xff, 0xff, 0xff, 0xff, 0xff, 0xe0, 0x00, 0x1e, 0x00, 0x00, 0x00, 0x00, 0x00, 0x00, 0x00, 0x07, 0x00, 0x00,
    0x00, 0x03, 0x00, 0x07, 0x00, 0x0f, 0xff, 0xff, 0xff, 0xff, 0xff, 0xe0, 0x00, 0x1e, 0x00, 0x00, 0x00, 0x00, 0x00, 0x00, 0x00, 0x03, 0x00, 0x00,
    0x00, 0x07, 0x80, 0x06, 0x00, 0x07, 0xff, 0xff, 0xff, 0xff, 0xff, 0xe0, 0x00, 0x1e, 0x00, 0x00, 0x00, 0x00, 0x00, 0x00, 0x00, 0x03, 0x00, 0x00,
    0x00, 0x0f, 0x80, 0x06, 0x00, 0x07, 0xff, 0xff, 0xff, 0xff, 0xff, 0xc0, 0x00, 0x3e, 0x00, 0x00, 0x00, 0x00, 0x00, 0x00, 0x40, 0x03, 0x80, 0x00,
    0x00, 0x1f, 0x80, 0x06, 0x00, 0x03, 0xff, 0xff, 0xff, 0xff, 0xff, 0xc0, 0x00, 0x3e, 0x00, 0x00, 0x00, 0x00, 0x00, 0x00, 0x40, 0x01, 0x80, 0x00,
    0x00, 0x3b, 0x00, 0x06, 0x00, 0x03, 0xff, 0xff, 0xff, 0xff, 0xff, 0xc0, 0x00, 0x3e, 0x00, 0x00, 0x00, 0x00, 0x00, 0x00, 0x40, 0x01, 0x80, 0x00,
    0x00, 0x37, 0x00, 0x06, 0x00, 0x01, 0xff, 0xff, 0xff, 0xff, 0xff, 0xc0, 0x00, 0x7e, 0x00, 0x00, 0x00, 0x00, 0x00, 0x00, 0x40, 0x01, 0x80, 0x00,
    0x00, 0x66, 0x00, 0x0e, 0x00, 0x00, 0xff, 0xff, 0xff, 0xff, 0xff, 0xc0, 0x00, 0x7e, 0x00, 0x00, 0x00, 0x00, 0x00, 0x00, 0x20, 0x01, 0xc0, 0x00,
    0x00, 0xe6, 0x00, 0x0c, 0x00, 0x00, 0xff, 0xff, 0xff, 0xff, 0xff, 0xc0, 0x00, 0x7c, 0x00, 0x00, 0x00, 0x00, 0x00, 0x00, 0x20, 0x00, 0xc0, 0x00,
    0x00, 0xc6, 0x00, 0x0c, 0x00, 0x00, 0x7f, 0xff, 0xff, 0xff, 0xff, 0xc0, 0x00, 0xf0, 0x00, 0x00, 0x00, 0x00, 0x00, 0x00, 0x20, 0x00, 0xc0, 0x00,
    0x00, 0xc6, 0x00, 0x0c, 0x00, 0x00, 0x7f, 0xff, 0xff, 0xff, 0xff, 0x80, 0x00, 0xc0, 0x00, 0x00, 0x00, 0x00, 0x00, 0x00, 0x20, 0x00, 0xc0, 0x00,
    0x01, 0xc6, 0x00, 0x0c, 0x00, 0x00, 0x3f, 0xff, 0xff, 0xff, 0xff, 0x80, 0x01, 0x80, 0x00, 0x00, 0x00, 0x00, 0x00, 0x00, 0x20, 0x00, 0xc0, 0x00,
    0x01, 0x86, 0x00, 0x1c, 0x00, 0x00, 0x1f, 0xff, 0xff, 0xff, 0xff, 0x80, 0x00, 0x00, 0x00, 0x00, 0x00, 0x00, 0x00, 0x00, 0x20, 0x00, 0xe0, 0x00,
    0x01, 0x86, 0x00, 0x18, 0x00, 0x00, 0x1f, 0xff, 0xff, 0xff, 0xff, 0x80, 0x00, 0x03, 0x00, 0x00, 0x00, 0x00, 0x00, 0x00, 0x20, 0x00, 0x60, 0x00,
    0x01, 0x86, 0x00, 0x18, 0x00, 0x00, 0x07, 0xff, 0xfc, 0x1f, 0xff, 0x80, 0x00, 0x07, 0x00, 0x00, 0x00, 0x00, 0x00, 0x00, 0x20, 0x00, 0x60, 0x00,
    0x01, 0x86, 0x00, 0x38, 0x00, 0x00, 0x01, 0xfc, 0x00, 0x07, 0xff, 0x80, 0x00, 0x1f, 0x00, 0x00, 0x00, 0x00, 0x00, 0x00, 0x30, 0x00, 0x60, 0x00,
    0x01, 0x87, 0x00, 0x30, 0x00, 0x00, 0x00, 0x00, 0x00, 0x03, 0xff, 0x80, 0x00, 0x7f, 0x80, 0x00, 0x00, 0x00, 0x00, 0x00, 0x30, 0x00, 0x60, 0x00,
    0x03, 0x83, 0x00, 0x30, 0x00, 0x00, 0x00, 0x00, 0x00, 0x01, 0xff, 0x80, 0x00, 0xff, 0x80, 0x00, 0x00, 0x00, 0x00, 0x00, 0x10, 0x00, 0x70, 0x00,
    0x03, 0x83, 0x80, 0x60, 0x00, 0x00, 0x00, 0x00, 0x00, 0x00, 0xff, 0x80, 0x01, 0xff, 0x80, 0x00, 0x00, 0x00, 0x00, 0x00, 0x10, 0x00, 0x70, 0x00,
    0x03, 0x81, 0xc0, 0xe0, 0x00, 0x00, 0x00, 0x00, 0x00, 0x00, 0x7f, 0xc0, 0x03, 0xff, 0x80, 0x00, 0x00, 0x00, 0x00, 0x00, 0x10, 0x00, 0x30, 0x00,
    0x07, 0x80, 0xff, 0xc0, 0x02, 0x00, 0x00, 0x00, 0x00, 0x00, 0x7f, 0xc0, 0x01, 0xff, 0x80, 0x00, 0x00, 0x00, 0x00, 0x00, 0x10, 0x00, 0x30, 0x00,
    0x07, 0x80, 0x3f, 0x80, 0x04, 0x00, 0x00, 0x00, 0x00, 0x00, 0x3f, 0xc0, 0x01, 0xff, 0x00, 0x00, 0x00, 0x00, 0x00, 0x00, 0x10, 0x00, 0x30, 0x00,
    0x07, 0xc0, 0x00, 0x00, 0x04, 0x00, 0x00, 0x00, 0x00, 0x00, 0x1f, 0xc0, 0x00, 0xfe, 0x00, 0x00, 0x00, 0x00, 0x00, 0x00, 0x30, 0x00, 0x30, 0x00,
    0x03, 0x40, 0x00, 0x00, 0x0c, 0x00, 0x00, 0x00, 0x00, 0x00, 0x1f, 0x80, 0x00, 0xf8, 0x00, 0x00, 0x00, 0x00, 0x00, 0x00, 0x20, 0x00, 0x30, 0x00,
    0x03, 0x40, 0x00, 0x00, 0x1c, 0x00, 0x00, 0x00, 0x00, 0x00, 0x0f, 0x00, 0x00, 0x00, 0x00, 0x00, 0x00, 0x00, 0x00, 0x00, 0x20, 0x00, 0x30, 0x00,
    0x03, 0x60, 0x00, 0x00, 0x18, 0x00, 0x00, 0x00, 0x00, 0x00, 0x0e, 0x00, 0x00, 0x00, 0x00, 0x00, 0x00, 0x00, 0x00, 0x00, 0x20, 0x00, 0x38, 0x00,
    0x03, 0x20, 0x00, 0x00, 0x38, 0x00, 0x00, 0x00, 0x00, 0x00, 0x04, 0x00, 0x00, 0x00, 0x00, 0x00, 0x00, 0x00, 0x00, 0x00, 0x20, 0x00, 0x38, 0x00,
    0x03, 0x30, 0x00, 0x00, 0x70, 0x00, 0x00, 0x00, 0x00, 0x00, 0x00, 0x10, 0x00, 0x00, 0x00, 0x00, 0x00, 0x00, 0x00, 0x00, 0x20, 0x00, 0x38, 0x00,
    0x03, 0x98, 0x00, 0x00, 0xf0, 0x00, 0x00, 0x00, 0x00, 0x00, 0x00, 0x30, 0x00, 0x00, 0x00, 0x00, 0x00, 0x00, 0x00, 0x00, 0x20, 0x00, 0x38, 0x00,
    0x03, 0x9c, 0x00, 0x03, 0xe0, 0x04, 0x00, 0x00, 0x00, 0x00, 0x00, 0x78, 0x00, 0x00, 0x00, 0x00, 0x00, 0x00, 0x00, 0x00, 0x00, 0x00, 0x38, 0x00,
    0x01, 0x8f, 0x00, 0x0f, 0xc0, 0x04, 0x00, 0x00, 0x00, 0x00, 0x00, 0xf8, 0x00, 0x00, 0x00, 0x00, 0x00, 0x00, 0x00, 0x00, 0x00, 0x00, 0x38, 0x00,
    0x01, 0xc7, 0xc0, 0x3f, 0x80, 0x04, 0x00, 0x00, 0x00, 0x00, 0x01, 0xfc, 0x00, 0x00, 0x00, 0x00, 0x00, 0x00, 0x00, 0x00, 0x00, 0x00, 0x38, 0x00,
    0x00, 0xc1, 0xff, 0xff, 0x00, 0x0c, 0x00, 0x00, 0x00, 0x00, 0x07, 0xfc, 0x00, 0x00, 0x00, 0x00, 0x00, 0x00, 0x00, 0x00, 0x00, 0x00, 0x38, 0x00,
    0x00, 0xe0, 0xff, 0xfe, 0x00, 0x08, 0x00, 0x00, 0x00, 0x00, 0x0f, 0xfe, 0x00, 0x00, 0x00, 0x00, 0x00, 0x00, 0x00, 0x00, 0x00, 0x00, 0x38, 0x00,
    0x00, 0x60, 0x3f, 0xf8, 0x00, 0x18, 0x00, 0x00, 0x00, 0x00, 0x0f, 0xff, 0x00, 0x00, 0x00, 0x00, 0x00, 0x00, 0x00, 0x00, 0x00, 0x00, 0x30, 0x00,
    0x00, 0x70, 0x07, 0xe0, 0x00, 0x18, 0x00, 0x00, 0x00, 0x00, 0x3f, 0xff, 0xc0, 0x00, 0x00, 0x00, 0x00, 0x00, 0x00, 0x00, 0x00, 0x00, 0x30, 0x00,
    0x00, 0x38, 0x00, 0x00, 0x00, 0x38, 0x00, 0x00, 0x00, 0x00, 0x7f, 0xff, 0xe0, 0x00, 0x00, 0x00, 0x00, 0x00, 0x00, 0x00, 0x00, 0x00, 0x30, 0x00,
    0x00, 0x1c, 0x00, 0x00, 0x00, 0x30, 0x00, 0x00, 0x00, 0x0f, 0xff, 0xff, 0xf0, 0x00, 0x00, 0x00, 0x00, 0x00, 0x00, 0x00, 0x00, 0x00, 0x30, 0x00,
    0x00, 0x0e, 0x00, 0x00, 0x00, 0x70, 0x00, 0x00, 0x00, 0x0f, 0xff, 0xff, 0xfc, 0x00, 0x00, 0x00, 0x00, 0x00, 0x00, 0x00, 0x00, 0x00, 0x30, 0x00,
    0x00, 0x07, 0x80, 0x00, 0x00, 0xe0, 0x00, 0x00, 0x00, 0x0f, 0xff, 0xff, 0xfe, 0x00, 0x00, 0x00, 0x00, 0x00, 0x00, 0x00, 0x00, 0x00, 0x30, 0x00,
    0x00, 0x03, 0xc0, 0x00, 0x01, 0xe0, 0x00, 0x00, 0x00, 0x07, 0xff, 0xff, 0xff, 0x80, 0x00, 0x00, 0x00, 0x00, 0x00, 0x00, 0x00, 0x00, 0x70, 0x00,
    0x00, 0x01, 0xf0, 0x00, 0x03, 0xc0, 0x00, 0x00, 0x00, 0x03, 0xff, 0xff, 0xff, 0x80, 0x00, 0x00, 0x00, 0x3f, 0x00, 0x00, 0x00, 0x00, 0x60, 0x00,
    0x00, 0x00, 0x7e, 0x00, 0x0f, 0xc0, 0x00, 0x00, 0x00, 0x03, 0xff, 0xff, 0xff, 0x00, 0x01, 0x80, 0x00, 0x03, 0xe0, 0x00, 0x00, 0x00, 0x60, 0x00,
    0x00, 0x00, 0x1f, 0xc0, 0xff, 0x80, 0x00, 0x00, 0x00, 0x01, 0xff, 0xff, 0xfe, 0x02, 0x0e, 0x00, 0x00, 0x00, 0x78, 0x00, 0x00, 0x00, 0x60, 0x00,
    0x00, 0x00, 0x03, 0xcf, 0xff, 0x00, 0x00, 0x00, 0x00, 0x00, 0xff, 0xff, 0xf8, 0x0e, 0x38, 0x03, 0xff, 0xf0, 0x1e, 0x00, 0x00, 0x00, 0xe0, 0x00,
    0x00, 0x00, 0x00, 0xc7, 0xfe, 0x00, 0x00, 0x00, 0x00, 0x00, 0xff, 0xff, 0xf0, 0x38, 0xf0, 0x0f, 0xff, 0xff, 0x07, 0x00, 0x00, 0x00, 0xc0, 0x00,
    0x00, 0x00, 0x00, 0xc3, 0xf8, 0x00, 0x40, 0x00, 0x00, 0x00, 0x7f, 0xff, 0xc0, 0x73, 0xe0, 0x3f, 0xff, 0xff, 0xc3, 0x80, 0x00, 0x00, 0xc0, 0x00,
    0x00, 0x00, 0x00, 0xe0, 0x00, 0x00, 0xc0, 0x00, 0x00, 0x00, 0x7f, 0xff, 0x01, 0xe7, 0x80, 0xff, 0xff, 0xff, 0xf0, 0xc0, 0x00, 0x01, 0xc0, 0x00,
    0x00, 0x00, 0x00, 0x60, 0x00, 0x00, 0xc0, 0x00, 0x00, 0x00, 0x3f, 0xfc, 0x07, 0xdf, 0x01, 0xff, 0xff, 0xff, 0xf8, 0x60, 0x00, 0x01, 0x80, 0x00,
    0x00, 0x00, 0x00, 0x70, 0x00, 0x01, 0x80, 0x00, 0x00, 0x00, 0x1f, 0xf0, 0x1f, 0xbe, 0x07, 0xff, 0xff, 0xff, 0xfe, 0x30, 0x00, 0x03, 0x80, 0x00,
    0x00, 0x00, 0x00, 0x38, 0x00, 0x03, 0x80, 0x00, 0x00, 0x00, 0x1f, 0xc0, 0x3f, 0xfc, 0x0f, 0xff, 0xff, 0xff, 0xff, 0x18, 0x00, 0x03, 0x00, 0x00,
    0x00, 0x00, 0x00, 0x3c, 0x00, 0x07, 0x80, 0x00, 0x00, 0x00, 0x1f, 0x00, 0xff, 0xf8, 0x1f, 0xff, 0xff, 0xff, 0xff, 0x9c, 0x00, 0x07, 0x00, 0x00,
    0x00, 0x00, 0x00, 0x1e, 0x00, 0x1f, 0x00, 0x00, 0x00, 0x00, 0x08, 0x03, 0xff, 0xf0, 0x3f, 0xff, 0xff, 0xff, 0xff, 0x8c, 0x00, 0x0e, 0x00, 0x00,
    0x00, 0x00, 0x00, 0x0f, 0xc0, 0x7f, 0x00, 0x00, 0x00, 0x00, 0x00, 0x0f, 0xff, 0xf0, 0x7f, 0xff, 0xff, 0xff, 0xff, 0xc6, 0x00, 0x1c, 0x00, 0x00,
    0x00, 0x00, 0x00, 0x03, 0xff, 0xf6, 0x00, 0x00, 0x00, 0x00, 0x00, 0x1f, 0xfb, 0xe0, 0xff, 0xff, 0xff, 0xff, 0xff, 0xe7, 0x00, 0x38, 0x00, 0x00,
    0x00, 0x00, 0x00, 0x00, 0xff, 0xc6, 0x00, 0x00, 0x00, 0x00, 0x06, 0x7f, 0xf7, 0xc1, 0xff, 0xff, 0xff, 0xff, 0xff, 0xf3, 0x00, 0x70, 0x00, 0x00,
    0x00, 0x00, 0x00, 0x00, 0x00, 0x0e, 0x00, 0x00, 0x00, 0x06, 0x0e, 0xff, 0xf7, 0x83, 0xff, 0xff, 0xff, 0xff, 0xff, 0xf3, 0x00, 0xe0, 0x00, 0x00,
    0x00, 0x00, 0x00, 0x00, 0x00, 0x1c, 0x00, 0x00, 0x00, 0x0c, 0x1f, 0xff, 0xef, 0x87, 0xff, 0xff, 0xff, 0xff, 0xff, 0xf9, 0x83, 0xc0, 0x00, 0x00,
    0x00, 0x00, 0x00, 0x00, 0x00, 0x18, 0x00, 0x00, 0x00, 0x0c, 0x3f, 0xff, 0xdf, 0x07, 0xff, 0xff, 0xff, 0xff, 0xff, 0xf9, 0x87, 0x80, 0x00, 0x00,
    0x00, 0x00, 0x00, 0x00, 0x00, 0x38, 0x00, 0x00, 0x00, 0x18, 0x3f, 0xff, 0x9f, 0x0f, 0xff, 0xff, 0xff, 0xff, 0xff, 0xfd, 0x86, 0x00, 0x00, 0x00,
    0x00, 0x00, 0x00, 0x00, 0x00, 0x70, 0x00, 0x00, 0x00, 0x30, 0x7f, 0xff, 0x3e, 0x1f, 0xff, 0xff, 0xff, 0xff, 0xff, 0xfc, 0x8e, 0x00, 0x00, 0x00,
    0x00, 0x00, 0x00, 0x00, 0x00, 0xe0, 0x00, 0x00, 0x00, 0x60, 0xff, 0xfe, 0x3e, 0x1f, 0xff, 0xff, 0xff, 0xff, 0xff, 0xfc, 0xcc, 0x00, 0x00, 0x00,
    0x00, 0x00, 0x00, 0x00, 0x01, 0xc0, 0x00, 0x00, 0x78, 0xc1, 0xff, 0xfc, 0x7e, 0x1f, 0xff, 0xff, 0xff, 0xff, 0xff, 0xfc, 0xcc, 0x00, 0x00, 0x00,
    0x00, 0x00, 0x00, 0x00, 0x03, 0x80, 0x00, 0x00, 0xf8, 0x83, 0xff, 0xf8, 0x7c, 0x3f, 0xff, 0xff, 0xff, 0xff, 0xff, 0xfc, 0xcc, 0x00, 0x00, 0x00,
    0x00, 0x00, 0x00, 0x00, 0x03, 0x80, 0x00, 0x07, 0xf9, 0x87, 0xff, 0xf8, 0xfc, 0x3f, 0xff, 0xff, 0xff, 0xff, 0xff, 0xfe, 0xcc, 0x00, 0x00, 0x00,
    0x00, 0x00, 0x00, 0x00, 0x03, 0xff, 0xff, 0xff, 0xff, 0xff, 0xff, 0xff, 0xff, 0xff, 0xff, 0xff, 0xff, 0xff, 0xff, 0xff, 0xfc, 0x00, 0x00, 0x00,
    0x00, 0x00, 0x00, 0x00, 0x03, 0xff, 0xff, 0xff, 0xff, 0xff, 0xff, 0xff, 0xff, 0xff, 0xff, 0xff, 0xff, 0xff, 0xff, 0xff, 0xfc, 0x00, 0x00, 0x00,
};
const uint8_t kBlink192[4608] = {
    0x00, 0x00, 0x00, 0x00, 0x00, 0x00, 0x00, 0x00, 0x00, 0x00, 0x00, 0x00, 0x00, 0x00, 0x00, 0x00, 0x00, 0x00, 0x00, 0x00, 0x00, 0x00, 0x00, 0x00,
    0x00, 0x00, 0x00, 0x00, 0x00, 0x00, 0x00, 0x00, 0x00, 0x00, 0x00, 0x00, 0x00, 0x00, 0x00, 0x00, 0x00, 0x00, 0x00, 0x00, 0x00, 0x00, 0x00, 0x00,
    0x00, 0x00, 0x00, 0x00, 0x00, 0x00, 0x00, 0x00, 0x00, 0x00, 0x00, 0x00, 0x00, 0x00, 0x00, 0x00, 0x00, 0x00, 0x00, 0x00, 0x00, 0x00, 0x00, 0x00,
    0x00, 0x00, 0x00, 0x00, 0x00, 0x00, 0x00, 0x00, 0x00, 0x00, 0x00, 0x0f, 0xf0, 0x00, 0x00, 0x00, 0x00, 0x00, 0x00, 0x00, 0x00, 0x00, 0x00, 0x00,
    0x00, 0x00, 0x00, 0x00, 0x00, 0x00, 0x00, 0x00, 0x00, 0x00, 0x0f, 0xff, 0xff, 0xe0, 0x00, 0x00, 0x00, 0x00, 0x00, 0x00, 0x00, 0x00, 0x00, 0x00,
    0x00, 0x00, 0x00, 0x00, 0x00, 0x00, 0x00, 0x00, 0x00, 0x01, 0xff, 0xfc, 0x1f, 0xff, 0x00, 0x00, 0x00, 0x00, 0x00, 0x00, 0x00, 0x00, 0x00, 0x00,
    0x00, 0x00, 0x00, 0x00, 0x00, 0x00, 0x00, 0x00, 0x00, 0x1f, 0xf8, 0x00, 0x00, 0x1f, 0xe0, 0x00, 0x00, 0x00, 0x00, 0x00, 0x00, 0x00, 0x00, 0x00,
    0x00, 0x00, 0x00, 0x00, 0x00, 0x00, 0x00, 0x00, 0x01, 0xff, 0x00, 0x00, 0x00, 0x01, 0xfc, 0x00, 0x00, 0x00, 0x00, 0x00, 0x00, 0x00, 0x00, 0x00,
    0x00, 0x00, 0x00, 0x00, 0x00, 0x00, 0x00, 0x00, 0x1f, 0xe0, 0x00, 0x00, 0x00, 0x00, 0x3f, 0x80, 0x00, 0x00, 0x00, 0x00, 0x00, 0x00, 0x00, 0x00,
    0x00, 0x00, 0x00, 0x00, 0x00, 0x00, 0x00, 0x00, 0xff, 0x3f, 0xfe, 0x00, 0x00, 0x00, 0x03, 0xe0, 0x00, 0x00, 0x00, 0x00, 0x00, 0x00, 0x00, 0x00,
    0x00, 0x00, 0x00, 0x00, 0x00, 0x00, 0x00, 0x03, 0xf7, 0xff, 0xff, 0xc0, 0x00, 0x00, 0x00, 0xf8, 0x00, 0x00, 0x00, 0x00, 0x00, 0x00, 0x00, 0x00,
    0x00, 0x00, 0x00, 0x00, 0x00, 0x00, 0x00, 0x1f, 0xff, 0xff, 0xff, 0xf8, 0x00, 0x00, 0x00, 0x1e, 0x00, 0x00, 0x00, 0x00, 0x00, 0x00, 0x00, 0x00,
    0x00, 0x00, 0x00, 0x00, 0x00, 0x00, 0x00, 0x7f, 0xff, 0xff, 0xff, 0xfe, 0x00, 0x00, 0x00, 0x07, 0x80, 0x00, 0x00, 0x00, 0x00, 0x00, 0x00, 0x00,
    0x00, 0x00, 0x00, 0x00, 0x00, 0x00, 0x01, 0xf2, 0x00, 0x07, 0xff, 0xff, 0x80, 0x00, 0x00, 0x01, 0xe0, 0x00, 0x00, 0x00, 0x00, 0x00, 0x00, 0x00,
    0x00, 0x00, 0x00, 0x00, 0x00, 0x00, 0x07, 0xc0, 0x00, 0x00, 0x7f, 0xff, 0xe0, 0x00, 0x00, 0x00, 0xf0, 0x00, 0x00, 0x00, 0x00, 0x00, 0x00, 0x00,
    0x00, 0x00, 0x00, 0x00, 0x00, 0x00, 0x1e, 0x00, 0x00, 0x00, 0x1f, 0xff, 0xf0, 0x00, 0x00, 0x00, 0x3c, 0x00, 0x00, 0x00, 0x00, 0x00, 0x00, 0x00,
    0x00, 0x00, 0x00, 0x00, 0x00, 0x00, 0x78, 0x00, 0x00, 0x00, 0x07, 0xff, 0xf8, 0x00, 0x00, 0x00, 0x1e, 0x00, 0x00, 0x00, 0x00, 0x00, 0x00, 0x00,
    0x00, 0x00, 0x00, 0x00, 0x00, 0x01, 0xe0, 0x00, 0x00, 0x00, 0x01, 0xff, 0xfc, 0x00, 0x00, 0x00, 0x07, 0x00, 0x00, 0x00, 0x00, 0x00, 0x00, 0x00,
    0x00, 0x00, 0x00, 0x00, 0x00, 0x07, 0xc0, 0x00, 0x00, 0x00, 0x00, 0x7f, 0xfe, 0x00, 0x00, 0x00, 0x03, 0x80, 0x00, 0x00, 0x00, 0x00, 0x00, 0x00,
    0x00, 0x00, 0x00, 0x00, 0x00, 0x0f, 0x00, 0x00, 0x00, 0x00, 0x00, 0x3f, 0xff, 0x80, 0x00, 0x00, 0x01, 0xe0, 0x00, 0x00, 0x00, 0x00, 0x00, 0x00,
    0x00, 0x00, 0x00, 0x00, 0x00, 0x3c, 0x00, 0x00, 0x00, 0x00, 0x00, 0x1f, 0xff, 0xc0, 0x00, 0x00, 0x00, 0xf0, 0x00, 0x00, 0x00, 0x00, 0x00, 0x00,
    0x00, 0x00, 0x00, 0x00, 0x00, 0x78, 0x00, 0x00, 0x00, 0x00, 0x00, 0x0f, 0xff, 0xc0, 0x00, 0x00, 0x00, 0x38, 0x00, 0x00, 0x00, 0x00, 0x00, 0x00,
    0x00, 0x00, 0x00, 0x00, 0x01, 0xe0, 0x00, 0x00, 0x00, 0x00, 0x00, 0x03, 0xff, 0xe0, 0x00, 0x00, 0x00, 0x1c, 0x00, 0x00, 0x00, 0x00, 0x00, 0x00,
    0x00, 0x00, 0x00, 0x00, 0x03, 0x80, 0x00, 0x00, 0x00, 0x00, 0x00, 0x01, 0xff, 0xf0, 0x00, 0x00, 0x00, 0x0e, 0x00, 0x00, 0x00, 0x00, 0x00, 0x00,
    0x00, 0x00, 0x00, 0x00, 0x0f, 0x00, 0x00, 0x00, 0x00, 0x00, 0x00, 0x00, 0xff, 0xf8, 0x00, 0x00, 0x00, 0x06, 0x00, 0x00, 0x00, 0x00, 0x00, 0x00,
    0x00, 0x00, 0x00, 0x00, 0x1e, 0x00, 0x00, 0x00, 0x00, 0x00, 0x00, 0x00, 0x7f, 0xfc, 0x00, 0x00, 0x00, 0x03, 0x00, 0x00, 0x00, 0x00, 0x00, 0x00,
    0x00, 0x00, 0x00, 0x00, 0x38, 0x00, 0x00, 0x00, 0x00, 0x00, 0x00, 0x00, 0x3f, 0xfe, 0x00, 0x00, 0x00, 0x0b, 0x80, 0x00, 0x00, 0x00, 0x00, 0x00,
    0x00, 0x00, 0x00, 0x00, 0x70, 0x00, 0x00, 0x00, 0x00, 0x00, 0x00, 0x00, 0x1f, 0xfe, 0x00, 0x00, 0x00, 0x05, 0xc0, 0x00, 0x00, 0x00, 0x00, 0x00,
    0x00, 0x00, 0x00, 0x00, 0xe0, 0x00, 0x00, 0x00, 0x00, 0x00, 0x00, 0x00, 0x1f, 0xff, 0x00, 0x00, 0x02, 0x06, 0xe0, 0x00, 0x00, 0x00, 0x00, 0x00,
    0x00, 0x00, 0x00, 0x03, 0xc0, 0x00, 0x00, 0x00, 0x00, 0x00, 0x00, 0x41, 0x0f, 0xff, 0x80, 0x00, 0x01, 0x43, 0x60, 0x00, 0x00, 0x00, 0x00, 0x00,
    0x00, 0x00, 0x00, 0x07, 0x80, 0x00, 0x00, 0x00, 0x00, 0x00, 0x00, 0x63, 0x87, 0xff, 0x80, 0x00, 0x00, 0xa3, 0xf0, 0x00, 0x00, 0x00, 0x00, 0x00,
    0x00, 0x00, 0x00, 0x0e, 0x00, 0x00, 0x00, 0x00, 0x00, 0x01, 0x00, 0x37, 0xc7, 0xff, 0xc0, 0x00, 0x00, 0xd3, 0xb8, 0x00, 0x00, 0x00, 0x00, 0x00,
    0x00, 0x00, 0x00, 0x1c, 0x00, 0x00, 0x00, 0x00, 0x00, 0x01, 0x80, 0x3f, 0xc3, 0xff, 0xc0, 0x00, 0x00, 0x73, 0xd8, 0x00, 0x00, 0x00, 0x00, 0x00,
    0x00, 0x00, 0x00, 0x18, 0x00, 0x00, 0x00, 0x00, 0x00, 0x00, 0x81, 0xff, 0xe1, 0xff, 0xe0, 0x00, 0x08, 0x3b, 0xbc, 0x00, 0x00, 0x00, 0x00, 0x00,
    0x00, 0x00, 0x00, 0x38, 0x80, 0x00, 0x80, 0x00, 0x00, 0x00, 0xc1, 0xff, 0x31, 0xff, 0xe0, 0x10, 0x05, 0xff, 0x9c, 0x00, 0x00, 0x00, 0x00, 0x00,
    0x00, 0x00, 0x00, 0x71, 0x00, 0x01, 0x80, 0x00, 0x00, 0x00, 0xe1, 0xff, 0x10, 0xff, 0xf0, 0x10, 0x07, 0xff, 0x9e, 0x00, 0x00, 0x00, 0x00, 0x00,
    0x00, 0x00, 0x00, 0xe2, 0x00, 0x01, 0x00, 0x00, 0x00, 0x00, 0xf3, 0xff, 0x18, 0xff, 0xf0, 0x18, 0x03, 0xff, 0x8e, 0x00, 0x00, 0x00, 0x00, 0x00,
    0x00, 0x00, 0x01, 0xc6, 0x00, 0x03, 0x00, 0x20, 0x00, 0x00, 0xf7, 0xff, 0x08, 0x7f, 0xf8, 0x18, 0x03, 0xff, 0x8f, 0x00, 0x00, 0x00, 0x00, 0x00,
    0x00, 0x00, 0x01, 0x8c, 0x40, 0x06, 0x00, 0x20, 0x00, 0x02, 0xfb, 0xff, 0x87, 0x7f, 0xf8, 0x1f, 0x87, 0xff, 0x07, 0x00, 0x00, 0x00, 0x00, 0x00,
    0x00, 0x00, 0x03, 0x98, 0x90, 0x86, 0x00, 0x20, 0x00, 0x03, 0xfb, 0xff, 0x07, 0xbf, 0xfd, 0xff, 0xff, 0xff, 0x03, 0x80, 0x00, 0x00, 0x00, 0x00,
    0x00, 0x00, 0x07, 0x31, 0x20, 0x8c, 0x00, 0x6f, 0xc8, 0x03, 0xfd, 0xfb, 0x03, 0xbf, 0xfd, 0xfe, 0x7f, 0xfd, 0x83, 0x80, 0x00, 0x00, 0x00, 0x00,
    0x00, 0x00, 0x06, 0x71, 0x21, 0x1c, 0x08, 0x6f, 0xf8, 0x17, 0xfc, 0x18, 0x03, 0xdf, 0xfe, 0x3e, 0x1e, 0x58, 0x81, 0xc0, 0x00, 0x00, 0x00, 0x00,
    0x00, 0x00, 0x0e, 0xff, 0xc3, 0x1b, 0x88, 0x6f, 0xf8, 0x7f, 0xfe, 0x08, 0x00, 0x5f, 0xfe, 0x0f, 0x00, 0x6c, 0x41, 0xc0, 0x00, 0x00, 0x00, 0x00,
    0x00, 0x00, 0x0d, 0xff, 0x82, 0x3b, 0xf9, 0xef, 0xfd, 0xff, 0xfe, 0x00, 0x00, 0x1f, 0xfe, 0x07, 0x00, 0x24, 0x40, 0xe0, 0x00, 0x00, 0x00, 0x00,
    0x00, 0x00, 0x1d, 0xff, 0xbe, 0x7f, 0xff, 0xe7, 0xfd, 0xff, 0xff, 0x00, 0x00, 0x0f, 0xff, 0x02, 0x80, 0x34, 0x00, 0xe0, 0x00, 0x00, 0x00, 0x00,
    0x00, 0x00, 0x1b, 0xff, 0xf4, 0xf7, 0xff, 0xe7, 0xfd, 0xff, 0xff, 0x00, 0x00, 0x0f, 0xff, 0x02, 0x80, 0x12, 0x20, 0xe0, 0x00, 0x00, 0x00, 0x00,
    0x00, 0x00, 0x3b, 0xff, 0xfd, 0xf7, 0xff, 0xe7, 0xfd, 0xff, 0xff, 0x00, 0x00, 0x0f, 0xff, 0x00, 0x40, 0x1a, 0x00, 0x70, 0x00, 0x00, 0x00, 0x00,
    0x00, 0x00, 0x37, 0xff, 0xef, 0xf7, 0xfc, 0x60, 0x06, 0x7f, 0xb6, 0x80, 0x00, 0x0f, 0xff, 0x80, 0x40, 0x09, 0x00, 0x70, 0x00, 0x00, 0x00, 0x00,
    0x00, 0x00, 0x77, 0xff, 0xfe, 0x63, 0x90, 0x10, 0x02, 0x0c, 0x96, 0x00, 0x00, 0x07, 0xff, 0x80, 0x20, 0x09, 0x00, 0x78, 0x00, 0x00, 0x00, 0x00,
    0x00, 0x00, 0x63, 0xfb, 0xfc, 0x60, 0x00, 0x00, 0x00, 0x04, 0x52, 0x00, 0x00, 0x07, 0xff, 0x80, 0x20, 0x04, 0x00, 0x38, 0x00, 0x00, 0x00, 0x00,
    0x00, 0x00, 0x62, 0x1b, 0xd8, 0x60, 0x00, 0x00, 0x00, 0x00, 0x42, 0x00, 0x00, 0x07, 0xff, 0x80, 0x10, 0x04, 0x80, 0x38, 0x00, 0x00, 0x00, 0x00,
    0x00, 0x00, 0xc6, 0x13, 0xc0, 0x00, 0x00, 0x00, 0x00, 0x00, 0x00, 0x00, 0x00, 0x03, 0xff, 0xc0, 0x10, 0x00, 0x00, 0x3c, 0x00, 0x00, 0x00, 0x00,
    0x00, 0x00, 0xc4, 0x10, 0x80, 0x00, 0x00, 0x00, 0x00, 0x00, 0x00, 0x00, 0x00, 0x03, 0xfe, 0xc0, 0x08, 0x00, 0x00, 0x0c, 0x00, 0x00, 0x00, 0x00,
    0x00, 0x01, 0xc4, 0x20, 0x80, 0x00, 0x00, 0x04, 0x00, 0x00, 0x00, 0x00, 0x00, 0x03, 0x80, 0x40, 0x08, 0x00, 0x00, 0x0e, 0x00, 0x00, 0x00, 0x00,
    0x00, 0x01, 0x88, 0x20, 0x00, 0x00, 0x00, 0x04, 0x00, 0x00, 0x00, 0x00, 0x00, 0x03, 0x00, 0x40, 0x08, 0x00, 0x00, 0x0e, 0x00, 0x00, 0x00, 0x00,
    0x00, 0x01, 0x88, 0x20, 0x00, 0x00, 0x00, 0x04, 0x00, 0x00, 0x00, 0x00, 0x00, 0x03, 0x00, 0x40, 0x04, 0x00, 0x00, 0x06, 0x00, 0x00, 0x00, 0x00,
    0x00, 0x01, 0x88, 0x00, 0x00, 0x00, 0x00, 0x02, 0x00, 0x00, 0x00, 0x00, 0x00, 0x03, 0x01, 0xc0, 0x04, 0x00, 0x00, 0x06, 0x00, 0x00, 0x00, 0x00,
    0x00, 0x03, 0x80, 0x00, 0x00, 0x00, 0x00, 0x02, 0x00, 0x00, 0x00, 0x00, 0x00, 0x01, 0xc1, 0x80, 0x06, 0x00, 0x00, 0x07, 0x00, 0x00, 0x00, 0x00,
    0x00, 0x03, 0x00, 0x00, 0x00, 0x00, 0x00, 0x02, 0x00, 0x00, 0x00, 0x00, 0x00, 0x00, 0xe1, 0x00, 0x02, 0x00, 0x00, 0x03, 0x00, 0x00, 0x00, 0x00,
    0x00, 0x03, 0x00, 0x00, 0x00, 0x00, 0x00, 0x03, 0x00, 0x00, 0x00, 0x00, 0x00, 0x00, 0x61, 0x80, 0x02, 0x00, 0x00, 0x03, 0x00, 0x00, 0x00, 0x00,
    0x00, 0x03, 0x00, 0x00, 0x00, 0x00, 0x00, 0x01, 0x00, 0x00, 0x00, 0x00, 0x00, 0x00, 0x40, 0xe0, 0x01, 0x00, 0x00, 0x03, 0x80, 0x00, 0x00, 0x00,
    0x00, 0x07, 0x00, 0x00, 0x00, 0x00, 0x00, 0x01, 0x80, 0x00, 0x00, 0x00, 0x00, 0x00, 0x40, 0x38, 0x01, 0x00, 0x00, 0x01, 0x80, 0x00, 0x00, 0x00,
    0x00, 0x07, 0x00, 0x00, 0x00, 0x00, 0x00, 0x01, 0x80, 0x00, 0x00, 0x00, 0x00, 0x00, 0x80, 0x0c, 0x01, 0x00, 0x00, 0x01, 0x80, 0x00, 0x00, 0x00,
    0x00, 0x06, 0x00, 0x00, 0x00, 0x00, 0x00, 0x01, 0x80, 0x00, 0x00, 0x00, 0x00, 0x01, 0x80, 0x02, 0x00, 0x80, 0x00, 0x01, 0x80, 0x00, 0x00, 0x00,
    0x00, 0x06, 0x00, 0x00, 0x00, 0x00, 0x00, 0x00, 0xc0, 0x00, 0x00, 0x00, 0x00, 0x03, 0x00, 0x00, 0x00, 0x80, 0x00, 0x01, 0xc0, 0x00, 0x00, 0x00,
    0x00, 0x06, 0x00, 0x00, 0x00, 0x00, 0x00, 0x00, 0xc0, 0x00, 0x00, 0x00, 0x00, 0x02, 0x00, 0x00, 0x00, 0x80, 0x00, 0x01, 0xc0, 0x00, 0x00, 0x00,
    0x00, 0x06, 0x00, 0x00, 0x00, 0x00, 0x00, 0x00, 0xe0, 0x00, 0x00, 0x00, 0x00, 0x00, 0x00, 0x00, 0x00, 0x40, 0x00, 0x00, 0xc0, 0x00, 0x00, 0x00,
    0x00, 0x06, 0x00, 0x00, 0x00, 0x00, 0x00, 0x00, 0x60, 0x00, 0x00, 0x00, 0x00, 0x00, 0x00, 0x00, 0x00, 0x40, 0x00, 0x00, 0xc0, 0x00, 0x00, 0x00,
    0x00, 0x06, 0x00, 0x00, 0x00, 0x08, 0x00, 0x00, 0x70, 0x00, 0x00, 0x00, 0x00, 0x00, 0x00, 0x00, 0x00, 0x40, 0x00, 0x00, 0xc0, 0x00, 0x00, 0x00,
    0x00, 0x06, 0x00, 0x00, 0x00, 0x0c, 0x00, 0x00, 0x38, 0x00, 0x00, 0x00, 0x00, 0x00, 0x00, 0x00, 0x00, 0x60, 0x00, 0x00, 0xe0, 0x00, 0x00, 0x00,
    0x00, 0x06, 0x00, 0x00, 0x00, 0x04, 0x00, 0x00, 0x38, 0x00, 0x00, 0x00, 0x00, 0x00, 0x00, 0x00, 0x00, 0x20, 0x00, 0x00, 0xe0, 0x00, 0x00, 0x00,
    0x00, 0x06, 0x00, 0x00, 0x00, 0x06, 0x00, 0x00, 0x1c, 0x00, 0x00, 0x00, 0x00, 0x00, 0x00, 0x00, 0x00, 0x20, 0x00, 0x00, 0x60, 0x00, 0x00, 0x00,
    0x00, 0x06, 0x00, 0x00, 0x00, 0x03, 0x00, 0x00, 0x1c, 0x00, 0x00, 0x00, 0x00, 0x00, 0x00, 0x00, 0x00, 0x30, 0x00, 0x00, 0x60, 0x00, 0x00, 0x00,
    0x00, 0x06, 0x00, 0x00, 0x00, 0x03, 0x80, 0x00, 0x00, 0x00, 0x01, 0x00, 0x00, 0x00, 0x00, 0x00, 0x00, 0x10, 0x00, 0x00, 0x60, 0x00, 0x00, 0x00,
    0x00, 0x07, 0x00, 0x00, 0x00, 0x01, 0xc0, 0x00, 0x0f, 0x00, 0x01, 0x80, 0x00, 0x00, 0x00, 0x00, 0x00, 0x10, 0x00, 0x00, 0x60, 0x00, 0x00, 0x00,
    0x00, 0x07, 0x00, 0x00, 0x00, 0x01, 0xe0, 0x30, 0x7f, 0x80, 0x01, 0x80, 0x00, 0x00, 0x00, 0x00, 0x00, 0x18, 0x00, 0x00, 0x70, 0x00, 0x00, 0x00,
    0x00, 0x03, 0x00, 0x00, 0x00, 0x00, 0xf3, 0xe1, 0xff, 0xff, 0xff, 0xc0, 0x00, 0x00, 0x00, 0x00, 0x00, 0x08, 0x00, 0x00, 0x30, 0x00, 0x00, 0x00,
    0x00, 0x03, 0x00, 0x00, 0x00, 0x03, 0xff, 0xc7, 0xff, 0xff, 0xff, 0xff, 0x00, 0x00, 0x00, 0x00, 0x00, 0x08, 0x00, 0x00, 0x30, 0x00, 0x00, 0x00,
    0x00, 0x03, 0x80, 0x00, 0x00, 0x3f, 0xff, 0x8f, 0xff, 0xff, 0xff, 0xff, 0x00, 0x00, 0x00, 0x00, 0x00, 0x08, 0x00, 0x00, 0x30, 0x00, 0x00, 0x00,
    0x00, 0x01, 0x80, 0x00, 0x00, 0x7f, 0xff, 0xbf, 0xff, 0xff, 0xff, 0xff, 0x00, 0x00, 0x00, 0x00, 0x00, 0x0c, 0x00, 0x00, 0x30, 0x00, 0x00, 0x00,
    0x00, 0x01, 0xc0, 0x00, 0x00, 0x3f, 0xff, 0xff, 0xff, 0xff, 0xff, 0xff, 0x00, 0x00, 0x00, 0x00, 0x00, 0x04, 0x00, 0x00, 0x38, 0x00, 0x00, 0x00,
    0x00, 0x01, 0xc0, 0x00, 0x07, 0xff, 0xff, 0xff, 0xff, 0xff, 0xff, 0xff, 0x00, 0x00, 0x00, 0x00, 0x00, 0x04, 0x00, 0x00, 0x18, 0x00, 0x00, 0x00,
    0x00, 0x00, 0xe0, 0x00, 0x0f, 0xcf, 0xff, 0xff, 0xff, 0xff, 0xff, 0xff, 0x00, 0x00, 0x00, 0x00, 0x00, 0x06, 0x00, 0x00, 0x18, 0x00, 0x00, 0x00,
    0x00, 0x00, 0xe0, 0x10, 0x07, 0xff, 0xff, 0xff, 0xff, 0xff, 0xff, 0xff, 0x80, 0x00, 0x03, 0xf0, 0x00, 0x02, 0x00, 0x00, 0x18, 0x00, 0x00, 0x00,
    0x00, 0x00, 0x70, 0x10, 0x07, 0xff, 0xff, 0xfd, 0xff, 0xff, 0xe7, 0xff, 0x80, 0x00, 0x0f, 0xfc, 0x00, 0x02, 0x00, 0x00, 0x18, 0x00, 0x00, 0x00,
    0x00, 0x00, 0x38, 0x08, 0x03, 0xff, 0xff, 0xf8, 0x7f, 0xff, 0xc7, 0xff, 0x80, 0x00, 0x1f, 0xfe, 0x00, 0x02, 0x00, 0x00, 0x1c, 0x00, 0x00, 0x00,
    0x00, 0x00, 0x1c, 0x0c, 0x00, 0xff, 0xff, 0xfc, 0x1f, 0xff, 0x0f, 0xff, 0x80, 0x00, 0x08, 0x07, 0x00, 0x03, 0x00, 0x00, 0x0c, 0x00, 0x00, 0x00,
    0x00, 0x00, 0x0e, 0x06, 0x00, 0xff, 0xff, 0xfe, 0x01, 0xe0, 0x1f, 0xff, 0x80, 0x00, 0x00, 0x00, 0x00, 0x01, 0x00, 0x00, 0x0c, 0x00, 0x00, 0x00,
    0x00, 0x00, 0x07, 0x07, 0x00, 0xff, 0xff, 0xff, 0x80, 0x00, 0x7f, 0xff, 0x00, 0x00, 0x00, 0x00, 0x00, 0x01, 0x00, 0x00, 0x0c, 0x00, 0x00, 0x00,
    0x00, 0x00, 0x03, 0xc3, 0x80, 0xff, 0xff, 0xff, 0xf8, 0x07, 0xff, 0xff, 0x00, 0x00, 0x00, 0x00, 0x00, 0x01, 0x80, 0x00, 0x0e, 0x00, 0x00, 0x00,
    0x00, 0x00, 0x01, 0xf1, 0xe0, 0xbc, 0xff, 0xff, 0xff, 0xff, 0xff, 0xff, 0x00, 0x00, 0x00, 0x00, 0x00, 0x00, 0x80, 0x00, 0x06, 0x00, 0x00, 0x00,
    0x00, 0x00, 0x00, 0x7c, 0xe0, 0x00, 0xff, 0xff, 0xff, 0xff, 0xff, 0xff, 0x00, 0x00, 0x00, 0x00, 0x00, 0x00, 0x80, 0x00, 0x06, 0x00, 0x00, 0x00,
    0x00, 0x00, 0x00, 0x3f, 0xe0, 0xc3, 0xff, 0xff, 0xff, 0xff, 0xff, 0xff, 0x00, 0x00, 0x00, 0x00, 0x00, 0x00, 0xc0, 0x00, 0x06, 0x00, 0x00, 0x00,
    0x00, 0x00, 0x00, 0x07, 0xe0, 0xff, 0xff, 0xff, 0xff, 0xff, 0xff, 0xff, 0x00, 0x00, 0x00, 0x00, 0x00, 0x00, 0x40, 0x00, 0x07, 0x00, 0x00, 0x00,
    0x00, 0x00, 0x00, 0x00, 0xe0, 0xff, 0xff, 0xff, 0xff, 0xff, 0xff, 0xff, 0x00, 0x00, 0x00, 0x00, 0x00, 0x00, 0x40, 0x00, 0x07, 0x00, 0x00, 0x00,
    0x00, 0x00, 0x00, 0x00, 0x60, 0xff, 0xff, 0xff, 0xff, 0xff, 0xff, 0xff, 0x00, 0x00, 0x00, 0x00, 0x00, 0x00, 0x60, 0x00, 0x03, 0x00, 0x00, 0x00,
    0x00, 0x00, 0x00, 0x00, 0xe0, 0xff, 0xff, 0xff, 0xff, 0xff, 0xff, 0xff, 0x00, 0x00, 0x00, 0x00, 0x00, 0x00, 0x20, 0x00, 0x03, 0x00, 0x00, 0x00,
    0x00, 0x00, 0x00, 0x00, 0xe1, 0xbf, 0xff, 0xff, 0xff, 0xff, 0xff, 0xff, 0x00, 0x00, 0x00, 0x00, 0x00, 0x00, 0x20, 0x00, 0x03, 0x00, 0x00, 0x00,
    0x00, 0x00, 0x00, 0x00, 0xc1, 0x7f, 0xff, 0xff, 0xff, 0xff, 0xff, 0xff, 0x00, 0x00, 0x00, 0x00, 0x00, 0x00, 0x20, 0x00, 0x03, 0x80, 0x00, 0x00,
    0x00, 0x00, 0x00, 0x00, 0xc0, 0xff, 0xff, 0xff, 0xff, 0xff, 0xff, 0xfe, 0x00, 0x00, 0x00, 0x00, 0x00, 0x00, 0x10, 0x00, 0x01, 0x80, 0x00, 0x00,
    0x00, 0x00, 0x00, 0x00, 0xc0, 0xff, 0xff, 0xff, 0xff, 0xff, 0xff, 0xfe, 0x00, 0x00, 0x00, 0x00, 0x00, 0x00, 0x10, 0x00, 0x01, 0x80, 0x00, 0x00,
    0x00, 0x00, 0x00, 0x00, 0xc0, 0xff, 0xff, 0xff, 0xff, 0xff, 0xff, 0xfe, 0x00, 0x00, 0x00, 0x00, 0x00, 0x00, 0x10, 0x00, 0x01, 0x80, 0x00, 0x00,
    0x00, 0x00, 0x00, 0x00, 0xc1, 0xff, 0xff, 0xff, 0xff, 0xff, 0xff, 0xfe, 0x00, 0x00, 0x00, 0x00, 0x00, 0x00, 0x18, 0x00, 0x01, 0xc0, 0x00, 0x00,
    0x00, 0x00, 0x00, 0x00, 0xc1, 0x7f, 0xff, 0xff, 0xff, 0xff, 0xff, 0xfe, 0x00, 0x00, 0x00, 0x00, 0x00, 0x00, 0x08, 0x00, 0x00, 0xc0, 0x00, 0x00,
    0x00, 0x00, 0x00, 0x00, 0xc1, 0xbf, 0xff, 0xff, 0xff, 0xff, 0xff, 0xfe, 0x00, 0x00, 0x00, 0x00, 0x00, 0x00, 0x08, 0x00, 0x00, 0xc0, 0x00, 0x00,
    0x00, 0x00, 0x00, 0x00, 0xc1, 0xdf, 0xff, 0xff, 0xff, 0xff, 0xff, 0xfc, 0x00, 0x00, 0x00, 0x00, 0x00, 0x00, 0x08, 0x00, 0x00, 0xc0, 0x00, 0x00,
    0x00, 0x00, 0x00, 0x01, 0xc1, 0xef, 0xff, 0xff, 0xff, 0xff, 0xff, 0xfc, 0x00, 0x00, 0x00, 0x00, 0x00, 0x00, 0x08, 0x00, 0x00, 0xe0, 0x00, 0x00,
    0x00, 0x00, 0x00, 0x01, 0xc3, 0xff, 0xff, 0xff, 0xff, 0xff, 0xff, 0xfc, 0x00, 0x00, 0x00, 0x00, 0x00, 0x00, 0x04, 0x00, 0x00, 0x60, 0x00, 0x00,
    0x00, 0x00, 0x00, 0x01, 0xc3, 0xf7, 0xff, 0xff, 0xff, 0xff, 0xff, 0xfc, 0x00, 0x00, 0x00, 0x00, 0x00, 0x00, 0x04, 0x00, 0x00, 0x60, 0x00, 0x00,
    0x00, 0x00, 0x00, 0x01, 0xc1, 0xff, 0xff, 0xff, 0xff, 0xff, 0xff, 0xfc, 0x00, 0x00, 0x00, 0x00, 0x00, 0x00, 0x04, 0x00, 0x00, 0x60, 0x00, 0x00,
    0x00, 0x00, 0x00, 0x01, 0x81, 0xff, 0xff, 0xff, 0xff, 0xff, 0xff, 0xf8, 0x00, 0x00, 0x00, 0x00, 0x00, 0x00, 0x04, 0x00, 0x00, 0x70, 0x00, 0x00,
    0x00, 0x00, 0x00, 0x01, 0x81, 0xf7, 0xff, 0xff, 0xff, 0xff, 0xff, 0xf8, 0x00, 0x00, 0x00, 0x00, 0x00, 0x00, 0x04, 0x00, 0x00, 0x30, 0x00, 0x00,
    0x00, 0x00, 0x00, 0x01, 0x81, 0xf7, 0xff, 0xff, 0xff, 0xff, 0xff, 0xf8, 0x00, 0x00, 0x00, 0x00, 0x00, 0x00, 0x02, 0x00, 0x00, 0x30, 0x00, 0x00,
    0x00, 0x00, 0x00, 0x01, 0x81, 0xe7, 0xff, 0xff, 0xff, 0xff, 0xff, 0xf8, 0x00, 0x00, 0x00, 0x00, 0x00, 0x00, 0x02, 0x00, 0x00, 0x38, 0x00, 0x00,
    0x00, 0x00, 0x00, 0x01, 0x81, 0xe7, 0xff, 0xff, 0xff, 0xff, 0xff, 0xf8, 0x00, 0x00, 0x00, 0x00, 0x00, 0x00, 0x02, 0x00, 0x00, 0x38, 0x00, 0x00,
    0x00, 0x00, 0x00, 0x01, 0x80, 0xf1, 0xff, 0xff, 0xff, 0xff, 0xff, 0xf0, 0x00, 0x00, 0x00, 0x00, 0x00, 0x00, 0x02, 0x00, 0x00, 0x18, 0x00, 0x00,
    0x00, 0x00, 0x00, 0x03, 0x80, 0xf1, 0xc7, 0xff, 0xff, 0xff, 0xff, 0xf0, 0x00, 0x00, 0x00, 0x00, 0x00, 0x00, 0x02, 0x00, 0x00, 0x18, 0x00, 0x00,
    0x00, 0x00, 0x00, 0x03, 0x80, 0xf8, 0x03, 0xff, 0xff, 0xff, 0xff, 0xf0, 0x00, 0x00, 0x00, 0x00, 0x00, 0x00, 0x00, 0x00, 0x00, 0x1c, 0x00, 0x00,
    0x00, 0x00, 0x00, 0x03, 0x80, 0x78, 0x00, 0xff, 0xff, 0xff, 0xff, 0xf0, 0x00, 0x00, 0x00, 0x00, 0x00, 0x00, 0x00, 0x00, 0x00, 0x0c, 0x00, 0x00,
    0x00, 0x00, 0x00, 0x03, 0x00, 0x78, 0xfe, 0x1f, 0xff, 0xff, 0xff, 0xf0, 0x00, 0x04, 0x00, 0x00, 0x00, 0x00, 0x01, 0x00, 0x00, 0x0c, 0x00, 0x00,
    0x00, 0x00, 0x00, 0x03, 0x00, 0x79, 0x7f, 0xff, 0xff, 0xff, 0xff, 0xf0, 0x00, 0x04, 0x00, 0x00, 0x00, 0x00, 0x01, 0x00, 0x00, 0x0c, 0x00, 0x00,
    0x00, 0x00, 0x00, 0x03, 0x00, 0x3b, 0x7f, 0xff, 0xff, 0xff, 0xff, 0xe0, 0x00, 0x04, 0x00, 0x00, 0x00, 0x00, 0x01, 0x00, 0x00, 0x0e, 0x00, 0x00,
    0x00, 0x00, 0x00, 0x03, 0x00, 0x3d, 0xff, 0xff, 0xff, 0xff, 0xff, 0xe0, 0x00, 0x0c, 0x00, 0x00, 0x00, 0x00, 0x00, 0x00, 0x00, 0x06, 0x00, 0x00,
    0x00, 0x00, 0x00, 0x03, 0x00, 0x1e, 0x3f, 0xff, 0xff, 0xff, 0xff, 0xe0, 0x00, 0x0c, 0x00, 0x00, 0x00, 0x00, 0x00, 0x00, 0x00, 0x06, 0x00, 0x00,
    0x00, 0x00, 0x00, 0x03, 0x00, 0x1f, 0x7f, 0xff, 0xff, 0xff, 0xff, 0xe0, 0x00, 0x0c, 0x00, 0x00, 0x00, 0x00, 0x00, 0x00, 0x00, 0x07, 0x00, 0x00,
    0x00, 0x00, 0x00, 0x07, 0x00, 0x0f, 0xff, 0xff, 0xff, 0xff, 0xff, 0xe0, 0x00, 0x1e, 0x00, 0x00, 0x00, 0x00, 0x00, 0x00, 0x00, 0x07, 0x00, 0x00,
    0x00, 0x03, 0x00, 0x07, 0x00, 0x0f, 0xff, 0xff, 0xff, 0xff, 0xff, 0xe0, 0x00, 0x1e, 0x00, 0x00, 0x00, 0x00, 0x00, 0x00, 0x00, 0x03, 0x00, 0x00,
    0x00, 0x07, 0x80, 0x06, 0x00, 0x07, 0xff, 0xff, 0xff, 0xff, 0xff, 0xe0, 0x00, 0x1e, 0x00, 0x00, 0x00, 0x00, 0x00, 0x00, 0x00, 0x03, 0x00, 0x00,
    0x00, 0x0f, 0x80, 0x06, 0x00, 0x07, 0xff, 0xff, 0xff, 0xff, 0xff, 0xc0, 0x00, 0x3e, 0x00, 0x00, 0x00, 0x00, 0x00, 0x00, 0x40, 0x03, 0x80, 0x00,
    0x00, 0x1f, 0x80, 0x06, 0x00, 0x03, 0xff, 0xff, 0xff, 0xff, 0xff, 0xc0, 0x00, 0x3e, 0x00, 0x00, 0x00, 0x00, 0x00, 0x00, 0x40, 0x01, 0x80, 0x00,
    0x00, 0x3b, 0x00, 0x06, 0x00, 0x03, 0xff, 0xff, 0xff, 0xff, 0xff, 0xc0, 0x00, 0x3e, 0x00, 0x00, 0x00, 0x00, 0x00, 0x00, 0x40, 0x01, 0x80, 0x00,
    0x00, 0x37, 0x00, 0x06, 0x00, 0x01, 0xff, 0xff, 0xff, 0xff, 0xff, 0xc0, 0x00, 0x7e, 0x00, 0x00, 0x00, 0x00, 0x00, 0x00, 0x40, 0x01, 0x80, 0x00,
    0x00, 0x66, 0x00, 0x0e, 0x00, 0x00, 0xff, 0xff, 0xff, 0xff, 0xff, 0xc0, 0x00, 0x7e, 0x00, 0x00, 0x00, 0x00, 0x00, 0x00, 0x20, 0x01, 0xc0, 0x00,
    0x00, 0xe6, 0x00, 0x0c, 0x00, 0x00, 0xff, 0xff, 0xff, 0xff, 0xff, 0xc0, 0x00, 0x7c, 0x00, 0x00, 0x00, 0x00, 0x00, 0x00, 0x20, 0x00, 0xc0, 0x00,
    0x00, 0xc6, 0x00, 0x0c, 0x00, 0x00, 0x7f, 0xff, 0xff, 0xff, 0xff, 0xc0, 0x00, 0xf0, 0x00, 0x00, 0x00, 0x00, 0x00, 0x00, 0x20, 0x00, 0xc0, 0x00,
    0x00, 0xc6, 0x00, 0x0c, 0x00, 0x00, 0x7f, 0xff, 0xff, 0xff, 0xff, 0x80, 0x00, 0xc0, 0x00, 0x00, 0x00, 0x00, 0x00, 0x00, 0x20, 0x00, 0xc0, 0x00,
    0x01, 0xc6, 0x00, 0x0c, 0x00, 0x00, 0x3f, 0xff, 0xff, 0xff, 0xff, 0x80, 0x01, 0x80, 0x00, 0x00, 0x00, 0x00, 0x00, 0x00, 0x20, 0x00, 0xc0, 0x00,
    0x01, 0x86, 0x00, 0x1c, 0x00, 0x00, 0x1f, 0xff, 0xff, 0xff, 0xff, 0x80, 0x00, 0x00, 0x00, 0x00, 0x00, 0x00, 0x00, 0x00, 0x20, 0x00, 0xe0, 0x00,
    0x01, 0x86, 0x00, 0x18, 0x00, 0x00, 0x1f, 0xff, 0xff, 0xff, 0xff, 0x80, 0x00, 0x03, 0x00, 0x00, 0x00, 0x00, 0x00, 0x00, 0x20, 0x00, 0x60, 0x00,
    0x01, 0x86, 0x00, 0x18, 0x00, 0x00, 0x07, 0xff, 0xfc, 0x1f, 0xff, 0x80, 0x00, 0x07, 0x00, 0x00, 0x00, 0x00, 0x00, 0x00, 0x20, 0x00, 0x60, 0x00,
    0x01, 0x86, 0x00, 0x38, 0x00, 0x00, 0x01, 0xfc, 0x00, 0x07, 0xff, 0x80, 0x00, 0x1f, 0x00, 0x00, 0x00, 0x00, 0x00, 0x00, 0x30, 0x00, 0x60, 0x00,
    0x01, 0x87, 0x00, 0x30, 0x00, 0x00, 0x00, 0x00, 0x00, 0x03, 0xff, 0x80, 0x00, 0x7f, 0x80, 0x00, 0x00, 0x00, 0x00, 0x00, 0x30, 0x00, 0x60, 0x00,
    0x03, 0x83, 0x00, 0x30, 0x00, 0x00, 0x00, 0x00, 0x00, 0x01, 0xff, 0x80, 0x00, 0xff, 0x80, 0x00, 0x00, 0x00, 0x00, 0x00, 0x10, 0x00, 0x70, 0x00,
    0x03, 0x83, 0x80, 0x60, 0x00, 0x00, 0x00, 0x00, 0x00, 0x00, 0xff, 0x80, 0x01, 0xff, 0x80, 0x00, 0x00, 0x00, 0x00, 0x00, 0x10, 0x00, 0x70, 0x00,
    0x03, 0x81, 0xc0, 0xe0, 0x00, 0x00, 0x00, 0x00, 0x00, 0x00, 0x7f, 0xc0, 0x03, 0xff, 0x80, 0x00, 0x00, 0x00, 0x00, 0x00, 0x10, 0x00, 0x30, 0x00,
    0x07, 0x80, 0xff, 0xc0, 0x02, 0x00, 0x00, 0x00, 0x00, 0x00, 0x7f, 0xc0, 0x01, 0xff, 0x80, 0x00, 0x00, 0x00, 0x00, 0x00, 0x10, 0x00, 0x30, 0x00,
    0x07, 0x80, 0x3f, 0x80, 0x04, 0x00, 0x00, 0x00, 0x00, 0x00, 0x3f, 0xc0, 0x01, 0xff, 0x00, 0x00, 0x00, 0x00, 0x00, 0x00, 0x10, 0x00, 0x30, 0x00,
    0x07, 0xc0, 0x00, 0x00, 0x04, 0x00, 0x00, 0x00, 0x00, 0x00, 0x1f, 0xc0, 0x00, 0xfe, 0x00, 0x00, 0x00, 0x00, 0x00, 0x00, 0x30, 0x00, 0x30, 0x00,
    0x03, 0x40, 0x00, 0x00, 0x0c, 0x00, 0x00, 0x00, 0x00, 0x00, 0x1f, 0x80, 0x00, 0xf8, 0x00, 0x00, 0x00, 0x00, 0x00, 0x00, 0x20, 0x00, 0x30, 0x00,
    0x03, 0x40, 0x00, 0x00, 0x1c, 0x00, 0x00, 0x00, 0x00, 0x00, 0x0f, 0x00, 0x00, 0x00, 0x00, 0x00, 0x00, 0x00, 0x00, 0x00, 0x20, 0x00, 0x30, 0x00,
    0x03, 0x60, 0x00, 0x00, 0x18, 0x00, 0x00, 0x00, 0x00, 0x00, 0x0e, 0x00, 0x00, 0x00, 0x00, 0x00, 0x00, 0x00, 0x00, 0x00, 0x20, 0x00, 0x38, 0x00,
    0x03, 0x20, 0x00, 0x00, 0x38, 0x00, 0x00, 0x00, 0x00, 0x00, 0x04, 0x00, 0x00, 0x00, 0x00, 0x00, 0x00, 0x00, 0x00, 0x00, 0x20, 0x00, 0x38, 0x00,
    0x03, 0x30, 0x00, 0x00, 0x70, 0x00, 0x00, 0x00, 0x00, 0x00, 0x00, 0x10, 0x00, 0x00, 0x00, 0x00, 0x00, 0x00, 0x00, 0x00, 0x20, 0x00, 0x38, 0x00,
    0x03, 0x98, 0x00, 0x00, 0xf0, 0x00, 0x00, 0x00, 0x00, 0x00, 0x00, 0x30, 0x00, 0x00, 0x00, 0x00, 0x00, 0x00, 0x00, 0x00, 0x20, 0x00, 0x38, 0x00,
    0x03, 0x9c, 0x00, 0x03, 0xe0, 0x04, 0x00, 0x00, 0x00, 0x00, 0x00, 0x78, 0x00, 0x00, 0x00, 0x00, 0x00, 0x00, 0x00, 0x00, 0x00, 0x00, 0x38, 0x00,
    0x01, 0x8f, 0x00, 0x0f, 0xc0, 0x04, 0x00, 0x00, 0x00, 0x00, 0x00, 0xf8, 0x00, 0x00, 0x00, 0x00, 0x00, 0x00, 0x00, 0x00, 0x00, 0x00, 0x38, 0x00,
    0x01, 0xc7, 0xc0, 0x3f, 0x80, 0x04, 0x00, 0x00, 0x00, 0x00, 0x01, 0xfc, 0x00, 0x00, 0x00, 0x00, 0x00, 0x00, 0x00, 0x00, 0x00, 0x00, 0x38, 0x00,
    0x00, 0xc1, 0xff, 0xff, 0x00, 0x0c, 0x00, 0x00, 0x00, 0x00, 0x07, 0xfc, 0x00, 0x00, 0x00, 0x00, 0x00, 0x00, 0x00, 0x00, 0x00, 0x00, 0x38, 0x00,
    0x00, 0xe0, 0xff, 0xfe, 0x00, 0x08, 0x00, 0x00, 0x00, 0x00, 0x0f, 0xfe, 0x00, 0x00, 0x00, 0x00, 0x00, 0x00, 0x00, 0x00, 0x00, 0x00, 0x38, 0x00,
    0x00, 0x60, 0x3f, 0xf8, 0x00, 0x18, 0x00, 0x00, 0x00, 0x00, 0x0f, 0xff, 0x00, 0x00, 0x00, 0x00, 0x00, 0x00, 0x00, 0x00, 0x00, 0x00, 0x30, 0x00,
    0x00, 0x70, 0x07, 0xe0, 0x00, 0x18, 0x00, 0x00, 0x00, 0x00, 0x3f, 0xff, 0xc0, 0x00, 0x00, 0x00, 0x00, 0x00, 0x00, 0x00, 0x00, 0x00, 0x30, 0x00,
    0x00, 0x38, 0x00, 0x00, 0x00, 0x38, 0x00, 0x00, 0x00, 0x00, 0x7f, 0xff, 0xe0, 0x00, 0x00, 0x00, 0x00, 0x00, 0x00, 0x00, 0x00, 0x00, 0x30, 0x00,
    0x00, 0x1c, 0x00, 0x00, 0x00, 0x30, 0x00, 0x00, 0x00, 0x0f, 0xff, 0xff, 0xf0, 0x00, 0x00, 0x00, 0x00, 0x00, 0x00, 0x00, 0x00, 0x00, 0x30, 0x00,
    0x00, 0x0e, 0x00, 0x00, 0x00, 0x70, 0x00, 0x00, 0x00, 0x0f, 0xff, 0xff, 0xfc, 0x00, 0x00, 0x00, 0x00, 0x00, 0x00, 0x00, 0x00, 0x00, 0x30, 0x00,
    0x00, 0x07, 0x80, 0x00, 0x00, 0xe0, 0x00, 0x00, 0x00, 0x0f, 0xff, 0xff, 0xfe, 0x00, 0x00, 0x00, 0x00, 0x00, 0x00, 0x00, 0x00, 0x00, 0x30, 0x00,
    0x00, 0x03, 0xc0, 0x00, 0x01, 0xe0, 0x00, 0x00, 0x00, 0x07, 0xff, 0xff, 0xff, 0x80, 0x00, 0x00, 0x00, 0x00, 0x00, 0x00, 0x00, 0x00, 0x70, 0x00,
    0x00, 0x01, 0xf0, 0x00, 0x03, 0xc0, 0x00, 0x00, 0x00, 0x03, 0xff, 0xff, 0xff, 0x80, 0x00, 0x00, 0x00, 0x3f, 0x00, 0x00, 0x00, 0x00, 0x60, 0x00,
    0x00, 0x00, 0x7e, 0x00, 0x0f, 0xc0, 0x00, 0x00, 0x00, 0x03, 0xff, 0xff, 0xff, 0x00, 0x01, 0x80, 0x00, 0x03, 0xe0, 0x00, 0x00, 0x00, 0x60, 0x00,
    0x00, 0x00, 0x1f, 0xc0, 0xff, 0x80, 0x00, 0x00, 0x00, 0x01, 0xff, 0xff, 0xfe, 0x02, 0x0e, 0x00, 0x00, 0x00, 0x78, 0x00, 0x00, 0x00, 0x60, 0x00,
    0x00, 0x00, 0x03, 0xcf, 0xff, 0x00, 0x00, 0x00, 0x00, 0x00, 0xff, 0xff, 0xf8, 0x0e, 0x38, 0x03, 0xff, 0xf0, 0x1e, 0x00, 0x00, 0x00, 0xe0, 0x00,
    0x00, 0x00, 0x00, 0xc7, 0xfe, 0x00, 0x00, 0x00, 0x00, 0x00, 0xff, 0xff, 0xf0, 0x38, 0xf0, 0x0f, 0xff, 0xff, 0x07, 0x00, 0x00, 0x00, 0xc0, 0x00,
    0x00, 0x00, 0x00, 0xc3, 0xf8, 0x00, 0x40, 0x00, 0x00, 0x00, 0x7f, 0xff, 0xc0, 0x73, 0xe0, 0x3f, 0xff, 0xff, 0xc3, 0x80, 0x00, 0x00, 0xc0, 0x00,
    0x00, 0x00, 0x00, 0xe0, 0x00, 0x00, 0xc0, 0x00, 0x00, 0x00, 0x7f, 0xff, 0x01, 0xe7, 0x80, 0xff, 0xff, 0xff, 0xf0, 0xc0, 0x00, 0x01, 0xc0, 0x00,
    0x00, 0x00, 0x00, 0x60, 0x00, 0x00, 0xc0, 0x00, 0x00, 0x00, 0x3f, 0xfc, 0x07, 0xdf, 0x01, 0xff, 0xff, 0xff, 0xf8, 0x60, 0x00, 0x01, 0x80, 0x00,
    0x00, 0x00, 0x00, 0x70, 0x00, 0x01, 0x80, 0x00, 0x00, 0x00, 0x1f, 0xf0, 0x1f, 0xbe, 0x07, 0xff, 0xff, 0xff, 0xfe, 0x30, 0x00, 0x03, 0x80, 0x00,
    0x00, 0x00, 0x00, 0x38, 0x00, 0x03, 0x80, 0x00, 0x00, 0x00, 0x1f, 0xc0, 0x3f, 0xfc, 0x0f, 0xff, 0xff, 0xff, 0xff, 0x18, 0x00, 0x03, 0x00, 0x00,
    0x00, 0x00, 0x00, 0x3c, 0x00, 0x07, 0x80, 0x00, 0x00, 0x00, 0x1f, 0x00, 0xff, 0xf8, 0x1f, 0xff, 0xff, 0xff, 0xff, 0x9c, 0x00, 0x07, 0x00, 0x00,
    0x00, 0x00, 0x00, 0x1e, 0x00, 0x1f, 0x00, 0x00, 0x00, 0x00, 0x08, 0x03, 0xff, 0xf0, 0x3f, 0xff, 0xff, 0xff, 0xff, 0x8c, 0x00, 0x0e, 0x00, 0x00,
    0x00, 0x00, 0x00, 0x0f, 0xc0, 0x7f, 0x00, 0x00, 0x00, 0x00, 0x00, 0x0f, 0xff, 0xf0, 0x7f, 0xff, 0xff, 0xff, 0xff, 0xc6, 0x00, 0x1c, 0x00, 0x00,
    0x00, 0x00, 0x00, 0x03, 0xff, 0xf6, 0x00, 0x00, 0x00, 0x00, 0x00, 0x1f, 0xfb, 0xe0, 0xff, 0xff, 0xff, 0xff, 0xff, 0xe7, 0x00, 0x38, 0x00, 0x00,
    0x00, 0x00, 0x00, 0x00, 0xff, 0xc6, 0x00, 0x00, 0x00, 0x00, 0x06, 0x7f, 0xf7, 0xc1, 0xff, 0xff, 0xff, 0xff, 0xff, 0xf3, 0x00, 0x70, 0x00, 0x00,
    0x00, 0x00, 0x00, 0x00, 0x00, 0x0e, 0x00, 0x00, 0x00, 0x06, 0x0e, 0xff, 0xf7, 0x83, 0xff, 0xff, 0xff, 0xff, 0xff, 0xf3, 0x00, 0xe0, 0x00, 0x00,
    0x00, 0x00, 0x00, 0x00, 0x00, 0x1c, 0x00, 0x00, 0x00, 0x0c, 0x1f, 0xff, 0xef, 0x87, 0xff, 0xff, 0xff, 0xff, 0xff, 0xf9, 0x83, 0xc0, 0x00, 0x00,
    0x00, 0x00, 0x00, 0x00, 0x00, 0x18, 0x00, 0x00, 0x00, 0x0c, 0x3f, 0xff, 0xdf, 0x07, 0xff, 0xff, 0xff, 0xff, 0xff, 0xf9, 0x87, 0x80, 0x00, 0x00,
    0x00, 0x00, 0x00, 0x00, 0x00, 0x38, 0x00, 0x00, 0x00, 0x18, 0x3f, 0xff, 0x9f, 0x0f, 0xff, 0xff, 0xff, 0xff, 0xff, 0xfd, 0x86, 0x00, 0x00, 0x00,
    0x00, 0x00, 0x00, 0x00, 0x00, 0x70, 0x00, 0x00, 0x00, 0x30, 0x7f, 0xff, 0x3e, 0x1f, 0xff, 0xff, 0xff, 0xff, 0xff, 0xfc, 0x8e, 0x00, 0x00, 0x00,
    0x00, 0x00, 0x00, 0x00, 0x00, 0xe0, 0x00, 0x00, 0x00, 0x60, 0xff, 0xfe, 0x3e, 0x1f, 0xff, 0xff, 0xff, 0xff, 0xff, 0xfc, 0xcc, 0x00, 0x00, 0x00,
    0x00, 0x00, 0x00, 0x00, 0x01, 0xc0, 0x00, 0x00, 0x78, 0xc1, 0xff, 0xfc, 0x7e, 0x1f, 0xff, 0xff, 0xff, 0xff, 0xff, 0xfc, 0xcc, 0x00, 0x00, 0x00,
    0x00, 0x00, 0x00, 0x00, 0x03, 0x80, 0x00, 0x00, 0xf8, 0x83, 0xff, 0xf8, 0x7c, 0x3f, 0xff, 0xff, 0xff, 0xff, 0xff, 0xfc, 0xcc, 0x00, 0x00, 0x00,
    0x00, 0x00, 0x00, 0x00, 0x03, 0x80, 0x00, 0x07, 0xf9, 0x87, 0xff, 0xf8, 0xfc, 0x3f, 0xff, 0xff, 0xff, 0xff, 0xff, 0xfe, 0xcc, 0x00, 0x00, 0x00,
    0x00, 0x00, 0x00, 0x00, 0x03, 0xff, 0xff, 0xff, 0xff, 0xff, 0xff, 0xff, 0xff, 0xff, 0xff, 0xff, 0xff, 0xff, 0xff, 0xff, 0xfc, 0x00, 0x00, 0x00,
    0x00, 0x00, 0x00, 0x00, 0x03, 0xff, 0xff, 0xff, 0xff, 0xff, 0xff, 0xff, 0xff, 0xff, 0xff, 0xff, 0xff, 0xff, 0xff, 0xff, 0xfc, 0x00, 0x00, 0x00,
};
const uint8_t kTalk192[4608] = {
    0x00, 0x00, 0x00, 0x00, 0x00, 0x00, 0x00, 0x00, 0x00, 0x00, 0x00, 0x00, 0x00, 0x00, 0x00, 0x00, 0x00, 0x00, 0x00, 0x00, 0x00, 0x00, 0x00, 0x00,
    0x00, 0x00, 0x00, 0x00, 0x00, 0x00, 0x00, 0x00, 0x00, 0x00, 0x00, 0x00, 0x00, 0x00, 0x00, 0x00, 0x00, 0x00, 0x00, 0x00, 0x00, 0x00, 0x00, 0x00,
    0x00, 0x00, 0x00, 0x00, 0x00, 0x00, 0x00, 0x00, 0x00, 0x00, 0x00, 0x00, 0x00, 0x00, 0x00, 0x00, 0x00, 0x00, 0x00, 0x00, 0x00, 0x00, 0x00, 0x00,
    0x00, 0x00, 0x00, 0x00, 0x00, 0x00, 0x00, 0x00, 0x00, 0x00, 0x00, 0x0f, 0xf0, 0x00, 0x00, 0x00, 0x00, 0x00, 0x00, 0x00, 0x00, 0x00, 0x00, 0x00,
    0x00, 0x00, 0x00, 0x00, 0x00, 0x00, 0x00, 0x00, 0x00, 0x00, 0x0f, 0xff, 0xff, 0xe0, 0x00, 0x00, 0x00, 0x00, 0x00, 0x00, 0x00, 0x00, 0x00, 0x00,
    0x00, 0x00, 0x00, 0x00, 0x00, 0x00, 0x00, 0x00, 0x00, 0x01, 0xff, 0xfc, 0x1f, 0xff, 0x00, 0x00, 0x00, 0x00, 0x00, 0x00, 0x00, 0x00, 0x00, 0x00,
    0x00, 0x00, 0x00, 0x00, 0x00, 0x00, 0x00, 0x00, 0x00, 0x1f, 0xf8, 0x00, 0x00, 0x1f, 0xe0, 0x00, 0x00, 0x00, 0x00, 0x00, 0x00, 0x00, 0x00, 0x00,
    0x00, 0x00, 0x00, 0x00, 0x00, 0x00, 0x00, 0x00, 0x01, 0xff, 0x00, 0x00, 0x00, 0x01, 0xfc, 0x00, 0x00, 0x00, 0x00, 0x00, 0x00, 0x00, 0x00, 0x00,
    0x00, 0x00, 0x00, 0x00, 0x00, 0x00, 0x00, 0x00, 0x1f, 0xe0, 0x00, 0x00, 0x00, 0x00, 0x3f, 0x80, 0x00, 0x00, 0x00, 0x00, 0x00, 0x00, 0x00, 0x00,
    0x00, 0x00, 0x00, 0x00, 0x00, 0x00, 0x00, 0x00, 0xff, 0x3f, 0xfe, 0x00, 0x00, 0x00, 0x03, 0xe0, 0x00, 0x00, 0x00, 0x00, 0x00, 0x00, 0x00, 0x00,
    0x00, 0x00, 0x00, 0x00, 0x00, 0x00, 0x00, 0x03, 0xf7, 0xff, 0xff, 0xc0, 0x00, 0x00, 0x00, 0xf8, 0x00, 0x00, 0x00, 0x00, 0x00, 0x00, 0x00, 0x00,
    0x00, 0x00, 0x00, 0x00, 0x00, 0x00, 0x00, 0x1f, 0xff, 0xff, 0xff, 0xf8, 0x00, 0x00, 0x00, 0x1e, 0x00, 0x00, 0x00, 0x00, 0x00, 0x00, 0x00, 0x00,
    0x00, 0x00, 0x00, 0x00, 0x00, 0x00, 0x00, 0x7f, 0xff, 0xff, 0xff, 0xfe, 0x00, 0x00, 0x00, 0x07, 0x80, 0x00, 0x00, 0x00, 0x00, 0x00, 0x00, 0x00,
    0x00, 0x00, 0x00, 0x00, 0x00, 0x00, 0x01, 0xf2, 0x00, 0x07, 0xff, 0xff, 0x80, 0x00, 0x00, 0x01, 0xe0, 0x00, 0x00, 0x00, 0x00, 0x00, 0x00, 0x00,
    0x00, 0x00, 0x00, 0x00, 0x00, 0x00, 0x07, 0xc0, 0x00, 0x00, 0x7f, 0xff, 0xe0, 0x00, 0x00, 0x00, 0xf0, 0x00, 0x00, 0x00, 0x00, 0x00, 0x00, 0x00,
    0x00, 0x00, 0x00, 0x00, 0x00, 0x00, 0x1e, 0x00, 0x00, 0x00, 0x1f, 0xff, 0xf0, 0x00, 0x00, 0x00, 0x3c, 0x00, 0x00, 0x00, 0x00, 0x00, 0x00, 0x00,
    0x00, 0x00, 0x00, 0x00, 0x00, 0x00, 0x78, 0x00, 0x00, 0x00, 0x07, 0xff, 0xf8, 0x00, 0x00, 0x00, 0x1e, 0x00, 0x00, 0x00, 0x00, 0x00, 0x00, 0x00,
    0x00, 0x00, 0x00, 0x00, 0x00, 0x01, 0xe0, 0x00, 0x00, 0x00, 0x01, 0xff, 0xfc, 0x00, 0x00, 0x00, 0x07, 0x00, 0x00, 0x00, 0x00, 0x00, 0x00, 0x00,
    0x00, 0x00, 0x00, 0x00, 0x00, 0x07, 0xc0, 0x00, 0x00, 0x00, 0x00, 0x7f, 0xfe, 0x00, 0x00, 0x00, 0x03, 0x80, 0x00, 0x00, 0x00, 0x00, 0x00, 0x00,
    0x00, 0x00, 0x00, 0x00, 0x00, 0x0f, 0x00, 0x00, 0x00, 0x00, 0x00, 0x3f, 0xff, 0x80, 0x00, 0x00, 0x01, 0xe0, 0x00, 0x00, 0x00, 0x00, 0x00, 0x00,
    0x00, 0x00, 0x00, 0x00, 0x00, 0x3c, 0x00, 0x00, 0x00, 0x00, 0x00, 0x1f, 0xff, 0xc0, 0x00, 0x00, 0x00, 0xf0, 0x00, 0x00, 0x00, 0x00, 0x00, 0x00,
    0x00, 0x00, 0x00, 0x00, 0x00, 0x78, 0x00, 0x00, 0x00, 0x00, 0x00, 0x0f, 0xff, 0xc0, 0x00, 0x00, 0x00, 0x38, 0x00, 0x00, 0x00, 0x00, 0x00, 0x00,
    0x00, 0x00, 0x00, 0x00, 0x01, 0xe0, 0x00, 0x00, 0x00, 0x00, 0x00, 0x03, 0xff, 0xe0, 0x00, 0x00, 0x00, 0x1c, 0x00, 0x00, 0x00, 0x00, 0x00, 0x00,
    0x00, 0x00, 0x00, 0x00, 0x03, 0x80, 0x00, 0x00, 0x00, 0x00, 0x00, 0x01, 0xff, 0xf0, 0x00, 0x00, 0x00, 0x0e, 0x00, 0x00, 0x00, 0x00, 0x00, 0x00,
    0x00, 0x00, 0x00, 0x00, 0x0f, 0x00, 0x00, 0x00, 0x00, 0x00, 0x00, 0x00, 0xff, 0xf8, 0x00, 0x00, 0x00, 0x06, 0x00, 0x00, 0x00, 0x00, 0x00, 0x00,
    0x00, 0x00, 0x00, 0x00, 0x1e, 0x00, 0x00, 0x00, 0x00, 0x00, 0x00, 0x00, 0x7f, 0xfc, 0x00, 0x00, 0x00, 0x03, 0x00, 0x00, 0x00, 0x00, 0x00, 0x00,
    0x00, 0x00, 0x00, 0x00, 0x38, 0x00, 0x00, 0x00, 0x00, 0x00, 0x00, 0x00, 0x3f, 0xfe, 0x00, 0x00, 0x00, 0x0b, 0x80, 0x00, 0x00, 0x00, 0x00, 0x00,
    0x00, 0x00, 0x00, 0x00, 0x70, 0x00, 0x00, 0x00, 0x00, 0x00, 0x00, 0x00, 0x1f, 0xfe, 0x00, 0x00, 0x00, 0x05, 0xc0, 0x00, 0x00, 0x00, 0x00, 0x00,
    0x00, 0x00, 0x00, 0x00, 0xe0, 0x00, 0x00, 0x00, 0x00, 0x00, 0x00, 0x00, 0x1f, 0xff, 0x00, 0x00, 0x02, 0x06, 0xe0, 0x00, 0x00, 0x00, 0x00, 0x00,
    0x00, 0x00, 0x00, 0x03, 0xc0, 0x00, 0x00, 0x00, 0x00, 0x00, 0x00, 0x41, 0x0f, 0xff, 0x80, 0x00, 0x01, 0x43, 0x60, 0x00, 0x00, 0x00, 0x00, 0x00,
    0x00, 0x00, 0x00, 0x07, 0x80, 0x00, 0x00, 0x00, 0x00, 0x00, 0x00, 0x63, 0x87, 0xff, 0x80, 0x00, 0x00, 0xa3, 0xf0, 0x00, 0x00, 0x00, 0x00, 0x00,
    0x00, 0x00, 0x00, 0x0e, 0x00, 0x00, 0x00, 0x00, 0x00, 0x01, 0x00, 0x37, 0xc7, 0xff, 0xc0, 0x00, 0x00, 0xd3, 0xb8, 0x00, 0x00, 0x00, 0x00, 0x00,
    0x00, 0x00, 0x00, 0x1c, 0x00, 0x00, 0x00, 0x00, 0x00, 0x01, 0x80, 0x3f, 0xc3, 0xff, 0xc0, 0x00, 0x00, 0x73, 0xd8, 0x00, 0x00, 0x00, 0x00, 0x00,
    0x00, 0x00, 0x00, 0x18, 0x00, 0x00, 0x00, 0x00, 0x00, 0x00, 0x81, 0xff, 0xe1, 0xff, 0xe0, 0x00, 0x08, 0x3b, 0xbc, 0x00, 0x00, 0x00, 0x00, 0x00,
    0x00, 0x00, 0x00, 0x38, 0x80, 0x00, 0x80, 0x00, 0x00, 0x00, 0xc1, 0xff, 0x31, 0xff, 0xe0, 0x10, 0x05, 0xff, 0x9c, 0x00, 0x00, 0x00, 0x00, 0x00,
    0x00, 0x00, 0x00, 0x71, 0x00, 0x01, 0x80, 0x00, 0x00, 0x00, 0xe1, 0xff, 0x10, 0xff, 0xf0, 0x10, 0x07, 0xff, 0x9e, 0x00, 0x00, 0x00, 0x00, 0x00,
    0x00, 0x00, 0x00, 0xe2, 0x00, 0x01, 0x00, 0x00, 0x00, 0x00, 0xf3, 0xff, 0x18, 0xff, 0xf0, 0x18, 0x03, 0xff, 0x8e, 0x00, 0x00, 0x00, 0x00, 0x00,
    0x00, 0x00, 0x01, 0xc6, 0x00, 0x03, 0x00, 0x20, 0x00, 0x00, 0xf7, 0xff, 0x08, 0x7f, 0xf8, 0x18, 0x03, 0xff, 0x8f, 0x00, 0x00, 0x00, 0x00, 0x00,
    0x00, 0x00, 0x01, 0x8c, 0x40, 0x06, 0x00, 0x20, 0x00, 0x02, 0xfb, 0xff, 0x87, 0x7f, 0xf8, 0x1f, 0x87, 0xff, 0x07, 0x00, 0x00, 0x00, 0x00, 0x00,
    0x00, 0x00, 0x03, 0x98, 0x90, 0x86, 0x00, 0x20, 0x00, 0x03, 0xfb, 0xff, 0x07, 0xbf, 0xfd, 0xff, 0xff, 0xff, 0x03, 0x80, 0x00, 0x00, 0x00, 0x00,
    0x00, 0x00, 0x07, 0x31, 0x20, 0x8c, 0x00, 0x6f, 0xc8, 0x03, 0xfd, 0xfb, 0x03, 0xbf, 0xfd, 0xfe, 0x7f, 0xfd, 0x83, 0x80, 0x00, 0x00, 0x00, 0x00,
    0x00, 0x00, 0x06, 0x71, 0x21, 0x1c, 0x08, 0x6f, 0xf8, 0x17, 0xfc, 0x18, 0x03, 0xdf, 0xfe, 0x3e, 0x1e, 0x58, 0x81, 0xc0, 0x00, 0x00, 0x00, 0x00,
    0x00, 0x00, 0x0e, 0xff, 0xc3, 0x1b, 0x88, 0x6f, 0xf8, 0x7f, 0xfe, 0x08, 0x00, 0x5f, 0xfe, 0x0f, 0x00, 0x6c, 0x41, 0xc0, 0x00, 0x00, 0x00, 0x00,
    0x00, 0x00, 0x0d, 0xff, 0x82, 0x3b, 0xf9, 0xef, 0xfd, 0xff, 0xfe, 0x00, 0x00, 0x1f, 0xfe, 0x07, 0x00, 0x24, 0x40, 0xe0, 0x00, 0x00, 0x00, 0x00,
    0x00, 0x00, 0x1d, 0xff, 0xbe, 0x7f, 0xff, 0xe7, 0xfd, 0xff, 0xff, 0x00, 0x00, 0x0f, 0xff, 0x02, 0x80, 0x34, 0x00, 0xe0, 0x00, 0x00, 0x00, 0x00,
    0x00, 0x00, 0x1b, 0xff, 0xf4, 0xf7, 0xff, 0xe7, 0xfd, 0xff, 0xff, 0x00, 0x00, 0x0f, 0xff, 0x02, 0x80, 0x12, 0x20, 0xe0, 0x00, 0x00, 0x00, 0x00,
    0x00, 0x00, 0x3b, 0xff, 0xfd, 0xf7, 0xff, 0xe7, 0xfd, 0xff, 0xff, 0x00, 0x00, 0x0f, 0xff, 0x00, 0x40, 0x1a, 0x00, 0x70, 0x00, 0x00, 0x00, 0x00,
    0x00, 0x00, 0x37, 0xff, 0xef, 0xf7, 0xfc, 0x60, 0x06, 0x7f, 0xb6, 0x80, 0x00, 0x0f, 0xff, 0x80, 0x40, 0x09, 0x00, 0x70, 0x00, 0x00, 0x00, 0x00,
    0x00, 0x00, 0x77, 0xff, 0xfe, 0x63, 0x90, 0x10, 0x02, 0x0c, 0x96, 0x00, 0x00, 0x07, 0xff, 0x80, 0x20, 0x09, 0x00, 0x78, 0x00, 0x00, 0x00, 0x00,
    0x00, 0x00, 0x63, 0xfb, 0xfc, 0x60, 0x00, 0x00, 0x00, 0x04, 0x52, 0x00, 0x00, 0x07, 0xff, 0x80, 0x20, 0x04, 0x00, 0x38, 0x00, 0x00, 0x00, 0x00,
    0x00, 0x00, 0x62, 0x1b, 0xd8, 0x60, 0x00, 0x00, 0x00, 0x00, 0x42, 0x00, 0x00, 0x07, 0xff, 0x80, 0x10, 0x04, 0x80, 0x38, 0x00, 0x00, 0x00, 0x00,
    0x00, 0x00, 0xc6, 0x13, 0xc0, 0x00, 0x00, 0x00, 0x00, 0x00, 0x00, 0x00, 0x00, 0x03, 0xff, 0xc0, 0x10, 0x00, 0x00, 0x3c, 0x00, 0x00, 0x00, 0x00,
    0x00, 0x00, 0xc4, 0x10, 0x80, 0x00, 0x00, 0x00, 0x00, 0x00, 0x00, 0x00, 0x00, 0x03, 0xfe, 0xc0, 0x08, 0x00, 0x00, 0x0c, 0x00, 0x00, 0x00, 0x00,
    0x00, 0x01, 0xc4, 0x20, 0x80, 0x00, 0x00, 0x04, 0x00, 0x00, 0x00, 0x00, 0x00, 0x03, 0x80, 0x40, 0x08, 0x00, 0x00, 0x0e, 0x00, 0x00, 0x00, 0x00,
    0x00, 0x01, 0x88, 0x20, 0x00, 0x00, 0x00, 0x04, 0x00, 0x00, 0x00, 0x00, 0x00, 0x03, 0x00, 0x40, 0x08, 0x00, 0x00, 0x0e, 0x00, 0x00, 0x00, 0x00,
    0x00, 0x01, 0x88, 0x20, 0x00, 0x00, 0x00, 0x04, 0x00, 0x00, 0x00, 0x00, 0x00, 0x03, 0x00, 0x40, 0x04, 0x00, 0x00, 0x06, 0x00, 0x00, 0x00, 0x00,
    0x00, 0x01, 0x88, 0x00, 0x00, 0x00, 0x00, 0x02, 0x00, 0x00, 0x00, 0x00, 0x00, 0x03, 0x01, 0xc0, 0x04, 0x00, 0x00, 0x06, 0x00, 0x00, 0x00, 0x00,
    0x00, 0x03, 0x80, 0x00, 0x00, 0x00, 0x00, 0x02, 0x00, 0x00, 0x00, 0x00, 0x00, 0x01, 0xc1, 0x80, 0x06, 0x00, 0x00, 0x07, 0x00, 0x00, 0x00, 0x00,
    0x00, 0x03, 0x00, 0x00, 0x00, 0x00, 0x00, 0x02, 0x00, 0x00, 0x00, 0x00, 0x00, 0x00, 0xe1, 0x00, 0x02, 0x00, 0x00, 0x03, 0x00, 0x00, 0x00, 0x00,
    0x00, 0x03, 0x00, 0x00, 0x00, 0x00, 0x00, 0x03, 0x00, 0x00, 0x00, 0x00, 0x00, 0x00, 0x61, 0x80, 0x02, 0x00, 0x00, 0x03, 0x00, 0x00, 0x00, 0x00,
    0x00, 0x03, 0x00, 0x00, 0x00, 0x00, 0x00, 0x01, 0x00, 0x00, 0x00, 0x00, 0x00, 0x00, 0x40, 0xe0, 0x01, 0x00, 0x00, 0x03, 0x80, 0x00, 0x00, 0x00,
    0x00, 0x07, 0x00, 0x00, 0x00, 0x00, 0x00, 0x01, 0x80, 0x00, 0x00, 0x00, 0x00, 0x00, 0x40, 0x38, 0x01, 0x00, 0x00, 0x01, 0x80, 0x00, 0x00, 0x00,
    0x00, 0x07, 0x00, 0x00, 0x00, 0x00, 0x00, 0x01, 0x80, 0x00, 0x00, 0x00, 0x00, 0x00, 0x80, 0x0c, 0x01, 0x00, 0x00, 0x01, 0x80, 0x00, 0x00, 0x00,
    0x00, 0x06, 0x00, 0x00, 0x00, 0x00, 0x00, 0x01, 0x80, 0x00, 0x00, 0x00, 0x00, 0x01, 0x80, 0x02, 0x00, 0x80, 0x00, 0x01, 0x80, 0x00, 0x00, 0x00,
    0x00, 0x06, 0x00, 0x00, 0x00, 0x00, 0x00, 0x00, 0xc0, 0x00, 0x00, 0x00, 0x00, 0x03, 0x00, 0x00, 0x00, 0x80, 0x00, 0x01, 0xc0, 0x00, 0x00, 0x00,
    0x00, 0x06, 0x00, 0x00, 0x00, 0x00, 0x00, 0x00, 0xc0, 0x00, 0x00, 0x00, 0x00, 0x02, 0x00, 0x00, 0x00, 0x80, 0x00, 0x01, 0xc0, 0x00, 0x00, 0x00,
    0x00, 0x06, 0x00, 0x00, 0x00, 0x00, 0x00, 0x00, 0xe0, 0x00, 0x00, 0x00, 0x00, 0x00, 0x00, 0x00, 0x00, 0x40, 0x00, 0x00, 0xc0, 0x00, 0x00, 0x00,
    0x00, 0x06, 0x00, 0x00, 0x00, 0x00, 0x00, 0x00, 0x60, 0x00, 0x00, 0x00, 0x00, 0x00, 0x00, 0x00, 0x00, 0x40, 0x00, 0x00, 0xc0, 0x00, 0x00, 0x00,
    0x00, 0x06, 0x00, 0x00, 0x00, 0x08, 0x00, 0x00, 0x70, 0x00, 0x00, 0x00, 0x00, 0x00, 0x00, 0x00, 0x00, 0x40, 0x00, 0x00, 0xc0, 0x00, 0x00, 0x00,
    0x00, 0x06, 0x00, 0x00, 0x00, 0x0c, 0x00, 0x00, 0x38, 0x00, 0x00, 0x00, 0x00, 0x00, 0x00, 0x00, 0x00, 0x60, 0x00, 0x00, 0xe0, 0x00, 0x00, 0x00,
    0x00, 0x06, 0x00, 0x00, 0x00, 0x04, 0x00, 0x00, 0x38, 0x00, 0x00, 0x00, 0x00, 0x00, 0x00, 0x00, 0x00, 0x20, 0x00, 0x00, 0xe0, 0x00, 0x00, 0x00,
    0x00, 0x06, 0x00, 0x00, 0x00, 0x06, 0x00, 0x00, 0x1c, 0x00, 0x00, 0x00, 0x00, 0x00, 0x00, 0x00, 0x00, 0x20, 0x00, 0x00, 0x60, 0x00, 0x00, 0x00,
    0x00, 0x06, 0x00, 0x00, 0x00, 0x03, 0x00, 0x00, 0x1c, 0x00, 0x00, 0x00, 0x00, 0x00, 0x00, 0x00, 0x00, 0x30, 0x00, 0x00, 0x60, 0x00, 0x00, 0x00,
    0x00, 0x06, 0x00, 0x00, 0x00, 0x03, 0x80, 0x00, 0x00, 0x00, 0x01, 0x00, 0x00, 0x00, 0x00, 0x00, 0x00, 0x10, 0x00, 0x00, 0x60, 0x00, 0x00, 0x00,
    0x00, 0x07, 0x00, 0x00, 0x00, 0x01, 0xc0, 0x00, 0x0f, 0x00, 0x01, 0x80, 0x00, 0x00, 0x00, 0x00, 0x00, 0x10, 0x00, 0x00, 0x60, 0x00, 0x00, 0x00,
    0x00, 0x07, 0x00, 0x00, 0x00, 0x01, 0xe0, 0x30, 0x7f, 0x80, 0x01, 0x80, 0x00, 0x00, 0x00, 0x00, 0x00, 0x18, 0x00, 0x00, 0x70, 0x00, 0x00, 0x00,
    0x00, 0x03, 0x00, 0x00, 0x00, 0x00, 0xf3, 0xe1, 0xff, 0xff, 0xff, 0xc0, 0x00, 0x00, 0x00, 0x00, 0x00, 0x08, 0x00, 0x00, 0x30, 0x00, 0x00, 0x00,
    0x00, 0x03, 0x00, 0x00, 0x00, 0x03, 0xff, 0xc7, 0xff, 0xff, 0xff, 0xff, 0x00, 0x00, 0x00, 0x00, 0x00, 0x08, 0x00, 0x00, 0x30, 0x00, 0x00, 0x00,
    0x00, 0x03, 0x80, 0x00, 0x00, 0x3f, 0xff, 0x8e, 0x07, 0xff, 0xff, 0xff, 0x00, 0x00, 0x00, 0x00, 0x00, 0x08, 0x00, 0x00, 0x30, 0x00, 0x00, 0x00,
    0x00, 0x01, 0x80, 0x00, 0x00, 0x7f, 0xff, 0xbc, 0x00, 0x7f, 0xff, 0xff, 0x00, 0x00, 0x00, 0x00, 0x00, 0x0c, 0x00, 0x00, 0x30, 0x00, 0x00, 0x00,
    0x00, 0x01, 0xc0, 0x00, 0x00, 0x3f, 0xff, 0xf8, 0x00, 0x1f, 0xff, 0xff, 0x00, 0x00, 0x00, 0x00, 0x00, 0x04, 0x00, 0x00, 0x38, 0x00, 0x00, 0x00,
    0x00, 0x01, 0xc0, 0x00, 0x07, 0xff, 0xff, 0xfe, 0x00, 0x07, 0xff, 0xff, 0x00, 0x00, 0x00, 0x00, 0x00, 0x04, 0x00, 0x00, 0x18, 0x00, 0x00, 0x00,
    0x00, 0x00, 0xe0, 0x00, 0x0f, 0xcf, 0xff, 0xfc, 0x00, 0x01, 0xff, 0xff, 0x00, 0x00, 0x00, 0x00, 0x00, 0x06, 0x00, 0x00, 0x18, 0x00, 0x00, 0x00,
    0x00, 0x00, 0xe0, 0x10, 0x07, 0xf7, 0xff, 0xfc, 0x40, 0x00, 0xff, 0xff, 0x80, 0x00, 0x03, 0xf0, 0x00, 0x02, 0x00, 0x00, 0x18, 0x00, 0x00, 0x00,
    0x00, 0x00, 0x70, 0x10, 0x07, 0xfb, 0xff, 0xfc, 0xc0, 0x10, 0x1f, 0xff, 0x80, 0x00, 0x0f, 0xfc, 0x00, 0x02, 0x00, 0x00, 0x18, 0x00, 0x00, 0x00,
    0x00, 0x00, 0x38, 0x08, 0x03, 0x1f, 0xff, 0xfd, 0xc0, 0x1c, 0x0f, 0xff, 0x80, 0x00, 0x1f, 0xfe, 0x00, 0x02, 0x00, 0x00, 0x1c, 0x00, 0x00, 0x00,
    0x00, 0x00, 0x1c, 0x0c, 0x00, 0x07, 0xff, 0xff, 0xe0, 0x1e, 0x3f, 0xff, 0x80, 0x00, 0x08, 0x07, 0x00, 0x03, 0x00, 0x00, 0x0c, 0x00, 0x00, 0x00,
    0x00, 0x00, 0x0e, 0x06, 0x00, 0x03, 0xff, 0xff, 0xe0, 0x1e, 0x7f, 0xff, 0x80, 0x00, 0x00, 0x00, 0x00, 0x01, 0x00, 0x00, 0x0c, 0x00, 0x00, 0x00,
    0x00, 0x00, 0x07, 0x07, 0x00, 0x81, 0xff, 0xff, 0xe0, 0x3c, 0xff, 0xff, 0x00, 0x00, 0x00, 0x00, 0x00, 0x01, 0x00, 0x00, 0x0c, 0x00, 0x00, 0x00,
    0x00, 0x00, 0x03, 0xc3, 0x80, 0x81, 0xff, 0xff, 0xf0, 0x79, 0xff, 0xff, 0x00, 0x00, 0x00, 0x00, 0x00, 0x01, 0x80, 0x00, 0x0e, 0x00, 0x00, 0x00,
    0x00, 0x00, 0x01, 0xf1, 0xe0, 0xc1, 0xff, 0xff, 0xfd, 0xf3, 0xff, 0xff, 0x00, 0x00, 0x00, 0x00, 0x00, 0x00, 0x80, 0x00, 0x06, 0x00, 0x00, 0x00,
    0x00, 0x00, 0x00, 0x7c, 0xe0, 0xc1, 0xff, 0xff, 0x3f, 0x87, 0xff, 0xff, 0x00, 0x00, 0x00, 0x00, 0x00, 0x00, 0x80, 0x00, 0x06, 0x00, 0x00, 0x00,
    0x00, 0x00, 0x00, 0x3f, 0xe0, 0xc3, 0xff, 0xff, 0xc0, 0x3f, 0xff, 0xff, 0x00, 0x00, 0x00, 0x00, 0x00, 0x00, 0xc0, 0x00, 0x06, 0x00, 0x00, 0x00,
    0x00, 0x00, 0x00, 0x07, 0xe0, 0xe3, 0xff, 0xff, 0xff, 0xff, 0xff, 0xff, 0x00, 0x00, 0x00, 0x00, 0x00, 0x00, 0x40, 0x00, 0x07, 0x00, 0x00, 0x00,
    0x00, 0x00, 0x00, 0x00, 0xe0, 0xe7, 0xff, 0xff, 0xff, 0xff, 0xff, 0xff, 0x00, 0x00, 0x00, 0x00, 0x00, 0x00, 0x40, 0x00, 0x07, 0x00, 0x00, 0x00,
    0x00, 0x00, 0x00, 0x00, 0x60, 0x67, 0xff, 0xff, 0xff, 0xff, 0xff, 0xff, 0x00, 0x00, 0x00, 0x00, 0x00, 0x00, 0x60, 0x00, 0x03, 0x00, 0x00, 0x00,
    0x00, 0x00, 0x00, 0x00, 0xe0, 0x0f, 0xff, 0xff, 0xff, 0xff, 0xff, 0xff, 0x00, 0x00, 0x00, 0x00, 0x00, 0x00, 0x20, 0x00, 0x03, 0x00, 0x00, 0x00,
    0x00, 0x00, 0x00, 0x00, 0xe1, 0x9f, 0xff, 0xff, 0xff, 0xff, 0xff, 0xff, 0x00, 0x00, 0x00, 0x00, 0x00, 0x00, 0x20, 0x00, 0x03, 0x00, 0x00, 0x00,
    0x00, 0x00, 0x00, 0x00, 0xc1, 0x7f, 0xff, 0xff, 0xff, 0xff, 0xff, 0xff, 0x00, 0x00, 0x00, 0x00, 0x00, 0x00, 0x20, 0x00, 0x03, 0x80, 0x00, 0x00,
    0x00, 0x00, 0x00, 0x00, 0xc0, 0xff, 0xff, 0xff, 0xff, 0xff, 0xff, 0xfe, 0x00, 0x00, 0x00, 0x00, 0x00, 0x00, 0x10, 0x00, 0x01, 0x80, 0x00, 0x00,
    0x00, 0x00, 0x00, 0x00, 0xc0, 0xff, 0xff, 0xff, 0xff, 0xff, 0xff, 0xfe, 0x00, 0x00, 0x00, 0x00, 0x00, 0x00, 0x10, 0x00, 0x01, 0x80, 0x00, 0x00,
    0x00, 0x00, 0x00, 0x00, 0xc0, 0xff, 0xff, 0xff, 0xff, 0xff, 0xff, 0xfe, 0x00, 0x00, 0x00, 0x00, 0x00, 0x00, 0x10, 0x00, 0x01, 0x80, 0x00, 0x00,
    0x00, 0x00, 0x00, 0x00, 0xc1, 0xff, 0xff, 0xff, 0xff, 0xff, 0xff, 0xfe, 0x00, 0x00, 0x00, 0x00, 0x00, 0x00, 0x18, 0x00, 0x01, 0xc0, 0x00, 0x00,
    0x00, 0x00, 0x00, 0x00, 0xc1, 0x7f, 0xff, 0xff, 0xff, 0xff, 0xff, 0xfe, 0x00, 0x00, 0x00, 0x00, 0x00, 0x00, 0x08, 0x00, 0x00, 0xc0, 0x00, 0x00,
    0x00, 0x00, 0x00, 0x00, 0xc1, 0xbf, 0xff, 0xff, 0xff, 0xff, 0xff, 0xfe, 0x00, 0x00, 0x00, 0x00, 0x00, 0x00, 0x08, 0x00, 0x00, 0xc0, 0x00, 0x00,
    0x00, 0x00, 0x00, 0x00, 0xc1, 0xdf, 0xff, 0xff, 0xff, 0xff, 0xff, 0xfc, 0x00, 0x00, 0x00, 0x00, 0x00, 0x00, 0x08, 0x00, 0x00, 0xc0, 0x00, 0x00,
    0x00, 0x00, 0x00, 0x01, 0xc1, 0xef, 0xff, 0xff, 0xff, 0xff, 0xff, 0xfc, 0x00, 0x00, 0x00, 0x00, 0x00, 0x00, 0x08, 0x00, 0x00, 0xe0, 0x00, 0x00,
    0x00, 0x00, 0x00, 0x01, 0xc3, 0xff, 0xff, 0xff, 0xff, 0xff, 0xff, 0xfc, 0x00, 0x00, 0x00, 0x00, 0x00, 0x00, 0x04, 0x00, 0x00, 0x60, 0x00, 0x00,
    0x00, 0x00, 0x00, 0x01, 0xc3, 0xf7, 0xff, 0xff, 0xff, 0xff, 0xff, 0xfc, 0x00, 0x00, 0x00, 0x00, 0x00, 0x00, 0x04, 0x00, 0x00, 0x60, 0x00, 0x00,
    0x00, 0x00, 0x00, 0x01, 0xc1, 0xff, 0xff, 0xff, 0xff, 0xff, 0xff, 0xfc, 0x00, 0x00, 0x00, 0x00, 0x00, 0x00, 0x04, 0x00, 0x00, 0x60, 0x00, 0x00,
    0x00, 0x00, 0x00, 0x01, 0x81, 0xff, 0xff, 0xff, 0xff, 0xff, 0xff, 0xf8, 0x00, 0x00, 0x00, 0x00, 0x00, 0x00, 0x04, 0x00, 0x00, 0x70, 0x00, 0x00,
    0x00, 0x00, 0x00, 0x01, 0x81, 0xf7, 0xff, 0xff, 0xff, 0xff, 0xff, 0xf8, 0x00, 0x00, 0x00, 0x00, 0x00, 0x00, 0x04, 0x00, 0x00, 0x30, 0x00, 0x00,
    0x00, 0x00, 0x00, 0x01, 0x81, 0xf7, 0xff, 0xff, 0xff, 0xff, 0xff, 0xf8, 0x00, 0x00, 0x00, 0x00, 0x00, 0x00, 0x02, 0x00, 0x00, 0x30, 0x00, 0x00,
    0x00, 0x00, 0x00, 0x01, 0x81, 0xe7, 0xff, 0xff, 0xff, 0xff, 0xff, 0xf8, 0x00, 0x00, 0x00, 0x00, 0x00, 0x00, 0x02, 0x00, 0x00, 0x38, 0x00, 0x00,
    0x00, 0x00, 0x00, 0x01, 0x81, 0xe7, 0xff, 0xff, 0xff, 0xff, 0xff, 0xf8, 0x00, 0x00, 0x00, 0x00, 0x00, 0x00, 0x02, 0x00, 0x00, 0x38, 0x00, 0x00,
    0x00, 0x00, 0x00, 0x01, 0x80, 0xf1, 0xff, 0xff, 0xff, 0xff, 0xff, 0xf0, 0x00, 0x00, 0x00, 0x00, 0x00, 0x00, 0x02, 0x00, 0x00, 0x18, 0x00, 0x00,
    0x00, 0x00, 0x00, 0x03, 0x80, 0xf1, 0xc7, 0xff, 0xff, 0xff, 0xff, 0xf0, 0x00, 0x00, 0x00, 0x00, 0x00, 0x00, 0x02, 0x00, 0x00, 0x18, 0x00, 0x00,
    0x00, 0x00, 0x00, 0x03, 0x80, 0xf8, 0x03, 0xff, 0xff, 0xff, 0xff, 0xf0, 0x00, 0x00, 0x00, 0x00, 0x00, 0x00, 0x00, 0x00, 0x00, 0x1c, 0x00, 0x00,
    0x00, 0x00, 0x00, 0x03, 0x80, 0x78, 0x00, 0xff, 0xff, 0xff, 0xff, 0xf0, 0x00, 0x00, 0x00, 0x00, 0x00, 0x00, 0x00, 0x00, 0x00, 0x0c, 0x00, 0x00,
    0x00, 0x00, 0x00, 0x03, 0x00, 0x78, 0x00, 0x1f, 0xff, 0xff, 0xff, 0xf0, 0x00, 0x04, 0x00, 0x00, 0x00, 0x00, 0x01, 0x00, 0x00, 0x0c, 0x00, 0x00,
    0x00, 0x00, 0x00, 0x03, 0x00, 0x78, 0x03, 0xff, 0xff, 0xff, 0xff, 0xf0, 0x00, 0x04, 0x00, 0x00, 0x00, 0x00, 0x01, 0x00, 0x00, 0x0c, 0x00, 0x00,
    0x00, 0x00, 0x00, 0x03, 0x00, 0x3b, 0x0f, 0xff, 0xff, 0xff, 0xff, 0xe0, 0x00, 0x04, 0x00, 0x00, 0x00, 0x00, 0x01, 0x00, 0x00, 0x0e, 0x00, 0x00,
    0x00, 0x00, 0x00, 0x03, 0x00, 0x3d, 0xff, 0xff, 0xff, 0xff, 0xff, 0xe0, 0x00, 0x0c, 0x00, 0x00, 0x00, 0x00, 0x00, 0x00, 0x00, 0x06, 0x00, 0x00,
    0x00, 0x00, 0x00, 0x03, 0x00, 0x1e, 0x3f, 0xff, 0xff, 0xff, 0xff, 0xe0, 0x00, 0x0c, 0x00, 0x00, 0x00, 0x00, 0x00, 0x00, 0x00, 0x06, 0x00, 0x00,
    0x00, 0x00, 0x00, 0x03, 0x00, 0x1f, 0x7f, 0xff, 0xff, 0xff, 0xff, 0xe0, 0x00, 0x0c, 0x00, 0x00, 0x00, 0x00, 0x00, 0x00, 0x00, 0x07, 0x00, 0x00,
    0x00, 0x00, 0x00, 0x07, 0x00, 0x0f, 0xff, 0xff, 0xff, 0xff, 0xff, 0xe0, 0x00, 0x1e, 0x00, 0x00, 0x00, 0x00, 0x00, 0x00, 0x00, 0x07, 0x00, 0x00,
    0x00, 0x03, 0x00, 0x07, 0x00, 0x0f, 0xff, 0xff, 0xff, 0xff, 0xff, 0xe0, 0x00, 0x1e, 0x00, 0x00, 0x00, 0x00, 0x00, 0x00, 0x00, 0x03, 0x00, 0x00,
    0x00, 0x07, 0x80, 0x06, 0x00, 0x07, 0xff, 0xff, 0xff, 0xff, 0xff, 0xe0, 0x00, 0x1e, 0x00, 0x00, 0x00, 0x00, 0x00, 0x00, 0x00, 0x03, 0x00, 0x00,
    0x00, 0x0f, 0x80, 0x06, 0x00, 0x07, 0xff, 0xff, 0xff, 0xff, 0xff, 0xc0, 0x00, 0x3e, 0x00, 0x00, 0x00, 0x00, 0x00, 0x00, 0x40, 0x03, 0x80, 0x00,
    0x00, 0x1f, 0x80, 0x06, 0x00, 0x03, 0xff, 0xff, 0xff, 0xff, 0xff, 0xc0, 0x00, 0x3e, 0x00, 0x00, 0x00, 0x00, 0x00, 0x00, 0x40, 0x01, 0x80, 0x00,
    0x00, 0x3b, 0x00, 0x06, 0x00, 0x03, 0xff, 0xff, 0xff, 0xff, 0xff, 0xc0, 0x00, 0x3e, 0x00, 0x00, 0x00, 0x00, 0x00, 0x00, 0x40, 0x01, 0x80, 0x00,
    0x00, 0x37, 0x00, 0x06, 0x00, 0x01, 0xff, 0xff, 0xff, 0xff, 0xff, 0xc0, 0x00, 0x7e, 0x00, 0x00, 0x00, 0x00, 0x00, 0x00, 0x40, 0x01, 0x80, 0x00,
    0x00, 0x66, 0x00, 0x0e, 0x00, 0x00, 0xff, 0xff, 0xff, 0xff, 0xff, 0xc0, 0x00, 0x7e, 0x00, 0x00, 0x00, 0x00, 0x00, 0x00, 0x20, 0x01, 0xc0, 0x00,
    0x00, 0xe6, 0x00, 0x0c, 0x00, 0x00, 0xff, 0xff, 0xff, 0xff, 0xff, 0xc0, 0x00, 0x7c, 0x00, 0x00, 0x00, 0x00, 0x00, 0x00, 0x20, 0x00, 0xc0, 0x00,
    0x00, 0xc6, 0x00, 0x0c, 0x00, 0x00, 0x7f, 0xff, 0xff, 0xff, 0xff, 0xc0, 0x00, 0xf0, 0x00, 0x00, 0x00, 0x00, 0x00, 0x00, 0x20, 0x00, 0xc0, 0x00,
    0x00, 0xc6, 0x00, 0x0c, 0x00, 0x00, 0x7f, 0xff, 0xff, 0xff, 0xff, 0x80, 0x00, 0xc0, 0x00, 0x00, 0x00, 0x00, 0x00, 0x00, 0x20, 0x00, 0xc0, 0x00,
    0x01, 0xc6, 0x00, 0x0c, 0x00, 0x00, 0x3f, 0xff, 0xff, 0xff, 0xff, 0x80, 0x01, 0x80, 0x00, 0x00, 0x00, 0x00, 0x00, 0x00, 0x20, 0x00, 0xc0, 0x00,
    0x01, 0x86, 0x00, 0x1c, 0x00, 0x00, 0x1f, 0xff, 0xff, 0xff, 0xff, 0x80, 0x00, 0x00, 0x00, 0x00, 0x00, 0x00, 0x00, 0x00, 0x20, 0x00, 0xe0, 0x00,
    0x01, 0x86, 0x00, 0x18, 0x00, 0x00, 0x1f, 0xff, 0xff, 0xff, 0xff, 0x80, 0x00, 0x03, 0x00, 0x00, 0x00, 0x00, 0x00, 0x00, 0x20, 0x00, 0x60, 0x00,
    0x01, 0x86, 0x00, 0x18, 0x00, 0x00, 0x07, 0xff, 0xfc, 0x1f, 0xff, 0x80, 0x00, 0x07, 0x00, 0x00, 0x00, 0x00, 0x00, 0x00, 0x20, 0x00, 0x60, 0x00,
    0x01, 0x86, 0x00, 0x38, 0x00, 0x00, 0x01, 0xfc, 0x00, 0x07, 0xff, 0x80, 0x00, 0x1f, 0x00, 0x00, 0x00, 0x00, 0x00, 0x00, 0x30, 0x00, 0x60, 0x00,
    0x01, 0x87, 0x00, 0x30, 0x00, 0x00, 0x00, 0x00, 0x00, 0x03, 0xff, 0x80, 0x00, 0x7f, 0x80, 0x00, 0x00, 0x00, 0x00, 0x00, 0x30, 0x00, 0x60, 0x00,
    0x03, 0x83, 0x00, 0x30, 0x00, 0x00, 0x00, 0x00, 0x00, 0x01, 0xff, 0x80, 0x00, 0xff, 0x80, 0x00, 0x00, 0x00, 0x00, 0x00, 0x10, 0x00, 0x70, 0x00,
    0x03, 0x83, 0x80, 0x60, 0x00, 0x00, 0x00, 0x00, 0x00, 0x00, 0xff, 0x80, 0x01, 0xff, 0x80, 0x00, 0x00, 0x00, 0x00, 0x00, 0x10, 0x00, 0x70, 0x00,
    0x03, 0x81, 0xc0, 0xe0, 0x00, 0x00, 0x00, 0x00, 0x00, 0x00, 0x7f, 0xc0, 0x03, 0xff, 0x80, 0x00, 0x00, 0x00, 0x00, 0x00, 0x10, 0x00, 0x30, 0x00,
    0x07, 0x80, 0xff, 0xc0, 0x02, 0x00, 0x00, 0x00, 0x00, 0x00, 0x7f, 0xc0, 0x01, 0xff, 0x80, 0x00, 0x00, 0x00, 0x00, 0x00, 0x10, 0x00, 0x30, 0x00,
    0x07, 0x80, 0x3f, 0x80, 0x04, 0x00, 0x00, 0x00, 0x00, 0x00, 0x3f, 0xc0, 0x01, 0xff, 0x00, 0x00, 0x00, 0x00, 0x00, 0x00, 0x10, 0x00, 0x30, 0x00,
    0x07, 0xc0, 0x00, 0x00, 0x04, 0x00, 0x00, 0x00, 0x00, 0x00, 0x1f, 0xc0, 0x00, 0xfe, 0x00, 0x00, 0x00, 0x00, 0x00, 0x00, 0x30, 0x00, 0x30, 0x00,
    0x03, 0x40, 0x00, 0x00, 0x0c, 0x00, 0x00, 0x00, 0x00, 0x00, 0x1f, 0x80, 0x00, 0xf8, 0x00, 0x00, 0x00, 0x00, 0x00, 0x00, 0x20, 0x00, 0x30, 0x00,
    0x03, 0x40, 0x00, 0x00, 0x1c, 0x00, 0x00, 0x00, 0x00, 0x00, 0x0f, 0x00, 0x00, 0x00, 0x00, 0x00, 0x00, 0x00, 0x00, 0x00, 0x20, 0x00, 0x30, 0x00,
    0x03, 0x60, 0x00, 0x00, 0x18, 0x00, 0x00, 0x00, 0x00, 0x00, 0x0e, 0x00, 0x00, 0x00, 0x00, 0x00, 0x00, 0x00, 0x00, 0x00, 0x20, 0x00, 0x38, 0x00,
    0x03, 0x20, 0x00, 0x00, 0x38, 0x00, 0x00, 0x00, 0x00, 0x00, 0x04, 0x00, 0x00, 0x00, 0x00, 0x00, 0x00, 0x00, 0x00, 0x00, 0x20, 0x00, 0x38, 0x00,
    0x03, 0x30, 0x00, 0x00, 0x70, 0x00, 0x00, 0x00, 0x00, 0x00, 0x00, 0x10, 0x00, 0x00, 0x00, 0x00, 0x00, 0x00, 0x00, 0x00, 0x20, 0x00, 0x38, 0x00,
    0x03, 0x98, 0x00, 0x00, 0xf0, 0x00, 0x00, 0x00, 0x00, 0x00, 0x00, 0x30, 0x00, 0x00, 0x00, 0x00, 0x00, 0x00, 0x00, 0x00, 0x20, 0x00, 0x38, 0x00,
    0x03, 0x9c, 0x00, 0x03, 0xe0, 0x04, 0x00, 0x00, 0x00, 0x00, 0x00, 0x78, 0x00, 0x00, 0x00, 0x00, 0x00, 0x00, 0x00, 0x00, 0x00, 0x00, 0x38, 0x00,
    0x01, 0x8f, 0x00, 0x0f, 0xc0, 0x04, 0x00, 0x00, 0x00, 0x00, 0x00, 0xf8, 0x00, 0x00, 0x00, 0x00, 0x00, 0x00, 0x00, 0x00, 0x00, 0x00, 0x38, 0x00,
    0x01, 0xc7, 0xc0, 0x3f, 0x80, 0x04, 0x00, 0x00, 0x00, 0x00, 0x01, 0xfc, 0x00, 0x00, 0x00, 0x00, 0x00, 0x00, 0x00, 0x00, 0x00, 0x00, 0x38, 0x00,
    0x00, 0xc1, 0xff, 0xff, 0x00, 0x0c, 0x00, 0x00, 0x00, 0x00, 0x07, 0xfc, 0x00, 0x00, 0x00, 0x00, 0x00, 0x00, 0x00, 0x00, 0x00, 0x00, 0x38, 0x00,
    0x00, 0xe0, 0xff, 0xfe, 0x00, 0x08, 0x00, 0x00, 0x00, 0x00, 0x0f, 0xfe, 0x00, 0x00, 0x00, 0x00, 0x00, 0x00, 0x00, 0x00, 0x00, 0x00, 0x38, 0x00,
    0x00, 0x60, 0x3f, 0xf8, 0x00, 0x18, 0x00, 0x00, 0x00, 0x00, 0x0f, 0xff, 0x00, 0x00, 0x00, 0x00, 0x00, 0x00, 0x00, 0x00, 0x00, 0x00, 0x30, 0x00,
    0x00, 0x70, 0x07, 0xe0, 0x00, 0x18, 0x00, 0x00, 0x00, 0x00, 0x3f, 0xff, 0xc0, 0x00, 0x00, 0x00, 0x00, 0x00, 0x00, 0x00, 0x00, 0x00, 0x30, 0x00,
    0x00, 0x38, 0x00, 0x00, 0x00, 0x38, 0x00, 0x00, 0x00, 0x00, 0x7f, 0xff, 0xe0, 0x00, 0x00, 0x00, 0x00, 0x00, 0x00, 0x00, 0x00, 0x00, 0x30, 0x00,
    0x00, 0x1c, 0x00, 0x00, 0x00, 0x30, 0x00, 0x00, 0x00, 0x0f, 0xff, 0xff, 0xf0, 0x00, 0x00, 0x00, 0x00, 0x00, 0x00, 0x00, 0x00, 0x00, 0x30, 0x00,
    0x00, 0x0e, 0x00, 0x00, 0x00, 0x70, 0x00, 0x00, 0x00, 0x0f, 0xff, 0xff, 0xfc, 0x00, 0x00, 0x00, 0x00, 0x00, 0x00, 0x00, 0x00, 0x00, 0x30, 0x00,
    0x00, 0x07, 0x80, 0x00, 0x00, 0xe0, 0x00, 0x00, 0x00, 0x0f, 0xff, 0xff, 0xfe, 0x00, 0x00, 0x00, 0x00, 0x00, 0x00, 0x00, 0x00, 0x00, 0x30, 0x00,
    0x00, 0x03, 0xc0, 0x00, 0x01, 0xe0, 0x00, 0x00, 0x00, 0x07, 0xff, 0xff, 0xff, 0x80, 0x00, 0x00, 0x00, 0x00, 0x00, 0x00, 0x00, 0x00, 0x70, 0x00,
    0x00, 0x01, 0xf0, 0x00, 0x03, 0xc0, 0x00, 0x00, 0x00, 0x03, 0xff, 0xff, 0xff, 0x80, 0x00, 0x00, 0x00, 0x3f, 0x00, 0x00, 0x00, 0x00, 0x60, 0x00,
    0x00, 0x00, 0x7e, 0x00, 0x0f, 0xc0, 0x00, 0x00, 0x00, 0x03, 0xff, 0xff, 0xff, 0x00, 0x01, 0x80, 0x00, 0x03, 0xe0, 0x00, 0x00, 0x00, 0x60, 0x00,
    0x00, 0x00, 0x1f, 0xc0, 0xff, 0x80, 0x00, 0x00, 0x00, 0x01, 0xff, 0xff, 0xfe, 0x02, 0x0e, 0x00, 0x00, 0x00, 0x78, 0x00, 0x00, 0x00, 0x60, 0x00,
    0x00, 0x00, 0x03, 0xcf, 0xff, 0x00, 0x00, 0x00, 0x00, 0x00, 0xff, 0xff, 0xf8, 0x0e, 0x38, 0x03, 0xff, 0xf0, 0x1e, 0x00, 0x00, 0x00, 0xe0, 0x00,
    0x00, 0x00, 0x00, 0xc7, 0xfe, 0x00, 0x00, 0x00, 0x00, 0x00, 0xff, 0xff, 0xf0, 0x38, 0xf0, 0x0f, 0xff, 0xff, 0x07, 0x00, 0x00, 0x00, 0xc0, 0x00,
    0x00, 0x00, 0x00, 0xc3, 0xf8, 0x00, 0x40, 0x00, 0x00, 0x00, 0x7f, 0xff, 0xc0, 0x73, 0xe0, 0x3f, 0xff, 0xff, 0xc3, 0x80, 0x00, 0x00, 0xc0, 0x00,
    0x00, 0x00, 0x00, 0xe0, 0x00, 0x00, 0xc0, 0x00, 0x00, 0x00, 0x7f, 0xff, 0x01, 0xe7, 0x80, 0xff, 0xff, 0xff, 0xf0, 0xc0, 0x00, 0x01, 0xc0, 0x00,
    0x00, 0x00, 0x00, 0x60, 0x00, 0x00, 0xc0, 0x00, 0x00, 0x00, 0x3f, 0xfc, 0x07, 0xdf, 0x01, 0xff, 0xff, 0xff, 0xf8, 0x60, 0x00, 0x01, 0x80, 0x00,
    0x00, 0x00, 0x00, 0x70, 0x00, 0x01, 0x80, 0x00, 0x00, 0x00, 0x1f, 0xf0, 0x1f, 0xbe, 0x07, 0xff, 0xff, 0xff, 0xfe, 0x30, 0x00, 0x03, 0x80, 0x00,
    0x00, 0x00, 0x00, 0x38, 0x00, 0x03, 0x80, 0x00, 0x00, 0x00, 0x1f, 0xc0, 0x3f, 0xfc, 0x0f, 0xff, 0xff, 0xff, 0xff, 0x18, 0x00, 0x03, 0x00, 0x00,
    0x00, 0x00, 0x00, 0x3c, 0x00, 0x07, 0x80, 0x00, 0x00, 0x00, 0x1f, 0x00, 0xff, 0xf8, 0x1f, 0xff, 0xff, 0xff, 0xff, 0x9c, 0x00, 0x07, 0x00, 0x00,
    0x00, 0x00, 0x00, 0x1e, 0x00, 0x1f, 0x00, 0x00, 0x00, 0x00, 0x08, 0x03, 0xff, 0xf0, 0x3f, 0xff, 0xff, 0xff, 0xff, 0x8c, 0x00, 0x0e, 0x00, 0x00,
    0x00, 0x00, 0x00, 0x0f, 0xc0, 0x7f, 0x00, 0x00, 0x00, 0x00, 0x00, 0x0f, 0xff, 0xf0, 0x7f, 0xff, 0xff, 0xff, 0xff, 0xc6, 0x00, 0x1c, 0x00, 0x00,
    0x00, 0x00, 0x00, 0x03, 0xff, 0xf6, 0x00, 0x00, 0x00, 0x00, 0x00, 0x1f, 0xfb, 0xe0, 0xff, 0xff, 0xff, 0xff, 0xff, 0xe7, 0x00, 0x38, 0x00, 0x00,
    0x00, 0x00, 0x00, 0x00, 0xff, 0xc6, 0x00, 0x00, 0x00, 0x00, 0x06, 0x7f, 0xf7, 0xc1, 0xff, 0xff, 0xff, 0xff, 0xff, 0xf3, 0x00, 0x70, 0x00, 0x00,
    0x00, 0x00, 0x00, 0x00, 0x00, 0x0e, 0x00, 0x00, 0x00, 0x06, 0x0e, 0xff, 0xf7, 0x83, 0xff, 0xff, 0xff, 0xff, 0xff, 0xf3, 0x00, 0xe0, 0x00, 0x00,
    0x00, 0x00, 0x00, 0x00, 0x00, 0x1c, 0x00, 0x00, 0x00, 0x0c, 0x1f, 0xff, 0xef, 0x87, 0xff, 0xff, 0xff, 0xff, 0xff, 0xf9, 0x83, 0xc0, 0x00, 0x00,
    0x00, 0x00, 0x00, 0x00, 0x00, 0x18, 0x00, 0x00, 0x00, 0x0c, 0x3f, 0xff, 0xdf, 0x07, 0xff, 0xff, 0xff, 0xff, 0xff, 0xf9, 0x87, 0x80, 0x00, 0x00,
    0x00, 0x00, 0x00, 0x00, 0x00, 0x38, 0x00, 0x00, 0x00, 0x18, 0x3f, 0xff, 0x9f, 0x0f, 0xff, 0xff, 0xff, 0xff, 0xff, 0xfd, 0x86, 0x00, 0x00, 0x00,
    0x00, 0x00, 0x00, 0x00, 0x00, 0x70, 0x00, 0x00, 0x00, 0x30, 0x7f, 0xff, 0x3e, 0x1f, 0xff, 0xff, 0xff, 0xff, 0xff, 0xfc, 0x8e, 0x00, 0x00, 0x00,
    0x00, 0x00, 0x00, 0x00, 0x00, 0xe0, 0x00, 0x00, 0x00, 0x60, 0xff, 0xfe, 0x3e, 0x1f, 0xff, 0xff, 0xff, 0xff, 0xff, 0xfc, 0xcc, 0x00, 0x00, 0x00,
    0x00, 0x00, 0x00, 0x00, 0x01, 0xc0, 0x00, 0x00, 0x78, 0xc1, 0xff, 0xfc, 0x7e, 0x1f, 0xff, 0xff, 0xff, 0xff, 0xff, 0xfc, 0xcc, 0x00, 0x00, 0x00,
    0x00, 0x00, 0x00, 0x00, 0x03, 0x80, 0x00, 0x00, 0xf8, 0x83, 0xff, 0xf8, 0x7c, 0x3f, 0xff, 0xff, 0xff, 0xff, 0xff, 0xfc, 0xcc, 0x00, 0x00, 0x00,
    0x00, 0x00, 0x00, 0x00, 0x03, 0x80, 0x00, 0x07, 0xf9, 0x87, 0xff, 0xf8, 0xfc, 0x3f, 0xff, 0xff, 0xff, 0xff, 0xff, 0xfe, 0xcc, 0x00, 0x00, 0x00,
    0x00, 0x00, 0x00, 0x00, 0x03, 0xff, 0xff, 0xff, 0xff, 0xff, 0xff, 0xff, 0xff, 0xff, 0xff, 0xff, 0xff, 0xff, 0xff, 0xff, 0xfc, 0x00, 0x00, 0x00,
    0x00, 0x00, 0x00, 0x00, 0x03, 0xff, 0xff, 0xff, 0xff, 0xff, 0xff, 0xff, 0xff, 0xff, 0xff, 0xff, 0xff, 0xff, 0xff, 0xff, 0xfc, 0x00, 0x00, 0x00,
};

const Bitmap kBitmaps[] = {
    {64, Frame::Idle, kIdle64},
    {64, Frame::Blink, kBlink64},
    {64, Frame::Talk, kTalk64},
    {96, Frame::Idle, kIdle96},
    {96, Frame::Blink, kBlink96},
    {96, Frame::Talk, kTalk96},
    {144, Frame::Idle, kIdle144},
    {144, Frame::Blink, kBlink144},
    {144, Frame::Talk, kTalk144},
    {192, Frame::Idle, kIdle192},
    {192, Frame::Blink, kBlink192},
    {192, Frame::Talk, kTalk192},
};

const Anchors kAnchors = {{622, 300}, {268, 635}, {820, 110}, 405, 520, 600, 665};

}  // namespace

const Anchors& anchors() { return kAnchors; }

const Bitmap* pick(int max_size, Frame frame) {
  const Bitmap* best = nullptr;
  for (const auto& b : kBitmaps) {
    if (b.frame != frame) continue;
    if (b.size <= max_size && (!best || b.size > best->size)) best = &b;
  }
  if (best) return best;
  for (const auto& b : kBitmaps) {
    if (b.frame == frame && (!best || b.size < best->size)) best = &b;
  }
  return best;
}

}  // namespace hg::mascot
